Date,Flag,Category,Source,Target,Title,URL,Summary,Summary_X
"Tue, 24 Mar 2026 17:00:00 GMT",,,GNEWS,,Google taps Boulder physicist to head up new quantum-computing team in Colorado - The Colorado Sun,https://news.google.com/rss/articles/CBMikAFBVV95cUxPS2hWUjIyUjlhWTZGZUpFcTNQang4MHlidkx3NzUzYXRoZW9YS2ZuMlcyNmhuSlZiZUJXc1dhLTNkZjlzQW1GYkRuN1pHNm03QllSVUxOb3dnbTFIWkJzOVowWC1wRHE0SG41ajBieUtlQmhMLWp2SzJieXdNOFJfWUUxdndQRGY4V0tVSURJNTc?oc=5,"<a href=""https://news.google.com/rss/articles/CBMikAFBVV95cUxPS2hWUjIyUjlhWTZGZUpFcTNQang4MHlidkx3NzUzYXRoZW9YS2ZuMlcyNmhuSlZiZUJXc1dhLTNkZjlzQW1GYkRuN1pHNm03QllSVUxOb3dnbTFIWkJzOVowWC1wRHE0SG41ajBieUtlQmhMLWp2SzJieXdNOFJfWUUxdndQRGY4V0tVSURJNTc?oc=5"" target=""_blank"">Google taps Boulder physicist to",
"Tue, 24 Mar 2026 17:15:11 GMT",,,GNEWS,,Building superconducting and neutral atom quantum computers - blog.google,https://news.google.com/rss/articles/CBMikwFBVV95cUxPeF9WSEZneXZLMWZSdnJkS2o0RkdPaURFS2Z6eGJObXJiM2R6cGl5MGh0cWFPNnJFa01YcXJVVE1KanBiNk1zXzcyUWFQeGRJQVk0dkxNdWZ1eHc4SEZadzBKd1AwQ1NHZGt0dVZtZjVpM2c0RGYxN2NpOFY3SUdUaGtJZ2RXQml2by1uZjFmeUlnN1U?oc=5,"<a href=""https://news.google.com/rss/articles/CBMikwFBVV95cUxPeF9WSEZneXZLMWZSdnJkS2o0RkdPaURFS2Z6eGJObXJiM2R6cGl5MGh0cWFPNnJFa01YcXJVVE1KanBiNk1zXzcyUWFQeGRJQVk0dkxNdWZ1eHc4SEZadzBKd1AwQ1NHZGt0dVZtZjVpM2c0RGYxN2NpOFY3SUdUaGtJZ2RXQml2by1uZjFmeUlnN1U?oc=5"" target=""_blank"">Building superconducting and",
"Tue, 24 Mar 2026 21:18:26 GMT",,,GNEWS,,"Dancing to invisible choreography, quantum computers can balance the noise - EurekAlert!",https://news.google.com/rss/articles/CBMiXEFVX3lxTE5IbVFIdTNSSmU4YjRBOEI3ZDFOVE5GVjZWSm50Nkp6SDBQUVpSdnJULWlWak1fSGN4V3VvNTF3NzU4bVZHM1ViY19MWktfVzE0RDNrSG1INnp1VGhq?oc=5,"<a href=""https://news.google.com/rss/articles/CBMiXEFVX3lxTE5IbVFIdTNSSmU4YjRBOEI3ZDFOVE5GVjZWSm50Nkp6SDBQUVpSdnJULWlWak1fSGN4V3VvNTF3NzU4bVZHM1ViY19MWktfVzE0RDNrSG1INnp1VGhq?oc=5"" target=""_blank"">Dancing to invisible choreography, quantum computers can balance the noise</a>&nbsp;&nbsp;<font color=""",
"Tue, 24 Mar 2026 17:05:17 GMT",,,GNEWS,,NRFC Investment Accelerates SQC’s Atomic-Scale Manufacturing - The Quantum Insider,https://news.google.com/rss/articles/CBMiowFBVV95cUxQekN6eVEyYThpN01nSUpLekdsQ2ktTjdKUkVPbkFESm5EZ1R0NGFqdllwYm5lWUd5Umd3X0lkVGNkZVNiS0Nuay1KaDZJQlphOS13Uk5EU1VCZkRXbUsyVlpuNlV1cWdRN3o3R2l4R2JWdEh5NFpPWmVJaWQtVjBveFJTMnJ6ZmUtSnJHQ0xvR2Ewa3N2S1JJMHozaUJXaF96WjRR?oc=5,"<a href=""https://news.google.com/rss/articles/CBMiowFBVV95cUxQekN6eVEyYThpN01nSUpLekdsQ2ktTjdKUkVPbkFESm5EZ1R0NGFqdllwYm5lWUd5Umd3X0lkVGNkZVNiS0Nuay1KaDZJQlphOS13Uk5EU1VCZkRXbUsyVlpuNlV1cWdRN3o3R2l4R2JWdEh5NFpPWmVJaWQtVjBveFJTMnJ6ZmUtSnJHQ0xvR2Ewa3N2S1JJMHozaUJXaF96WjRR?oc=5"" target=""_blank"">NRFC In",
"Tue, 24 Mar 2026 14:04:27 GMT",,,GNEWS,,"Prince George’s County highlights AI, quantum computing investments - FOX 5 DC",https://news.google.com/rss/articles/CBMimAFBVV95cUxNa2RDSTVtQWFXWndFZmFZY2FtVHhKazNiSFA4eWxUSTFfRXd6Qk5jalhoLU12YS10OUV3ZDZKdjYyRlJyVHlaODYwRFhEV3h2RGozZVlJV1ltOVladlo3NDBsWG03UmhNbmFZNnotZFZoclI3MG5xNUxMaWFQYlFINV95azZYdlphWUNKNUZtZ0UxaG1qU095eNIBngFBVV95cUxPeGRBWGtDLUMtOEpyNFF4dkduR1RqeTg1MnlmME1adjU4NnJ0WDRmV3ZoM29ma0doTFlDT0ZTZVpra3lveE9FQWJLWWFSU0swZXZVZjcxcEdRaFNKNzF6VzV5cHZkTWpGSERhQTBRVjNhakRsa2hsXzVtZV96ZUNhdGE0SjNxUkE3alpYVHZwaGVlQTV1eUVzTkRzV0N5Zw?oc=5,"<a href=""https://news.google.com/rss/articles/CBMimAFBVV95cUxNa2RDSTVtQWFXWndFZmFZY2FtVHhKazNiSFA4eWxUSTFfRXd6Qk5jalhoLU12YS10OUV3ZDZKdjYyRlJyVHlaODYwRFhEV3h2RGozZVlJV1ltOVladlo3NDBsWG03UmhNbmFZNnotZFZoclI3MG5xNUxMaWFQYlFINV95azZYdlphWUNKNUZtZ0UxaG1qU095eNIBngFBVV95cUxPeGRBWGtDLUMtOEpyNFF4dkduR1RqeT",
"Tue, 24 Mar 2026 17:20:58 GMT",,,GNEWS,,Miami University’s strategic investment in quantum computing — and the workforce behind It - Ohio Tech News,https://news.google.com/rss/articles/CBMijgFBVV95cUxPWWIwWG5ZZHV3akQ0OXJtRlZUb3NGR0NJTjltN09ZdXd4ZFl3Q3YwRlRhaEdBWkRkUktJQkxJaXd5Y0kwdXZGRDVuWmRvODZFN0NVYnZjb1lxT012d0U1TmZOTmtaeGowWDB2d3V2REd3SmFwNXNOMGdtelY1Q3o5TGJGLS1rR0taYlBkaEV3?oc=5,"<a href=""https://news.google.com/rss/articles/CBMijgFBVV95cUxPWWIwWG5ZZHV3akQ0OXJtRlZUb3NGR0NJTjltN09ZdXd4ZFl3Q3YwRlRhaEdBWkRkUktJQkxJaXd5Y0kwdXZGRDVuWmRvODZFN0NVYnZjb1lxT012d0U1TmZOTmtaeGowWDB2d3V2REd3SmFwNXNOMGdtelY1Q3o5TGJGLS1rR0taYlBkaEV3?oc=5"" target=""_blank"">Miami University’s strategic invest",
"Tue, 24 Mar 2026 20:20:41 GMT",,,GNEWS,,Google Quantum AI Expands Research To Include Neutral Atom Quantum Computing - Quantum Zeitgeist,https://news.google.com/rss/articles/CBMickFVX3lxTE9OYVhLczJCZUtIUkYxbkNfa3J3aGt6MmN6NDM1SFAwUHpEVDA2WmJOVXpRdjg0RjRxeER2MEtfVDVzWDNUNUM4eUlTbi1ySlBOQ0dsbkNHUUZTeDU1RjFsamhuOEVrcjdwLXN5NU9NNTdXZw?oc=5,"<a href=""https://news.google.com/rss/articles/CBMickFVX3lxTE9OYVhLczJCZUtIUkYxbkNfa3J3aGt6MmN6NDM1SFAwUHpEVDA2WmJOVXpRdjg0RjRxeER2MEtfVDVzWDNUNUM4eUlTbi1ySlBOQ0dsbkNHUUZTeDU1RjFsamhuOEVrcjdwLXN5NU9NNTdXZw?oc=5"" target=""_blank"">Google Quantum AI Expands Research To Include Neutral Atom Quantum Comput",
"Tue, 24 Mar 2026 15:33:04 GMT",,,GNEWS,,Quantum vs AI: The urgent gap to be filled - The American Bazaar,https://news.google.com/rss/articles/CBMimAFBVV95cUxOSGh2dUhZXzhMOUl2WEpGby1vcm1UbVlPV3duNml5TFlpZXo3ZmhaYnVRRGRud2g5VEpzSUtKRmNQd1JfNnBqZjNNUkVfMVJHR09YMG96SVZURE1OYTNFWk9vZDFoR2RUUkZnZE9WV2pWdjA1TlZtRTFHUDlITHRlWTV5TnRxZDg4SFMyVVU1TzEtbEJuWERWMQ?oc=5,"<a href=""https://news.google.com/rss/articles/CBMimAFBVV95cUxOSGh2dUhZXzhMOUl2WEpGby1vcm1UbVlPV3duNml5TFlpZXo3ZmhaYnVRRGRud2g5VEpzSUtKRmNQd1JfNnBqZjNNUkVfMVJHR09YMG96SVZURE1OYTNFWk9vZDFoR2RUUkZnZE9WV2pWdjA1TlZtRTFHUDlITHRlWTV5TnRxZDg4SFMyVVU1TzEtbEJuWERWMQ?oc=5"" target=""_blank"">Quantum vs AI: The ur",
"Tue, 24 Mar 2026 21:45:22 GMT",,,GNEWS,,IBM and Cleveland Clinic Use Quantum Computing to Tackle Protein Research - TipRanks,https://news.google.com/rss/articles/CBMipgFBVV95cUxPRHJVajNzeTlfVTZWV3lVOHBkblpHaTFtS3l5RU1LZXk5aEthR1JqWmVIZmdpQVpQTlI2azVDODM0UGtGdFgyaEgzT216SFMxM3dNMTU1LUxqUnVxNzNsbVhkMmk4NjNOR3VfNXNRWkFZNHhtcHBKUnJOTTBINUY4QXZKWWtQdDROdXo4MG9Yb3U0dmdBWnFJT0FUdVZYakpadUQzWERR?oc=5,"<a href=""https://news.google.com/rss/articles/CBMipgFBVV95cUxPRHJVajNzeTlfVTZWV3lVOHBkblpHaTFtS3l5RU1LZXk5aEthR1JqWmVIZmdpQVpQTlI2azVDODM0UGtGdFgyaEgzT216SFMxM3dNMTU1LUxqUnVxNzNsbVhkMmk4NjNOR3VfNXNRWkFZNHhtcHBKUnJOTTBINUY4QXZKWWtQdDROdXo4MG9Yb3U0dmdBWnFJT0FUdVZYakpadUQzWERR?oc=5"" target=""_blank"">IBM",
"Tue, 24 Mar 2026 21:24:15 GMT",,,GNEWS,,Scientists Reinvent a Classic Material To Help Power the Future of Quantum Tech - SciTechDaily,https://news.google.com/rss/articles/CBMiqAFBVV95cUxPaDFTVVJDUlJ2TXd2S2I4RG1pYUtHOWF5LTJ2TGZvRDNxVWJsbC1fQlRRZllwV1lFR2tVcjR3N3B2QVhhbG9KRUQ4SGhDSy1PenZMXzZVYjl3b3pFZXN1WC1zaDZZODdrOG1HX3MySU50VmVWdlpCZEt5MmpLd2JOdGRXLXE1YTl1ZEVITEU2azljOG5HZEU4YmEtVkxSR2tzLXJubUFjRzg?oc=5,"<a href=""https://news.google.com/rss/articles/CBMiqAFBVV95cUxPaDFTVVJDUlJ2TXd2S2I4RG1pYUtHOWF5LTJ2TGZvRDNxVWJsbC1fQlRRZllwV1lFR2tVcjR3N3B2QVhhbG9KRUQ4SGhDSy1PenZMXzZVYjl3b3pFZXN1WC1zaDZZODdrOG1HX3MySU50VmVWdlpCZEt5MmpLd2JOdGRXLXE1YTl1ZEVITEU2azljOG5HZEU4YmEtVkxSR2tzLXJubUFjRzg?oc=5"" target=""_blank"">",
"Tue, 24 Mar 2026 19:12:05 GMT",,,GNEWS,,IONQ vs. QBTS: Which Quantum Computing Stock Is Worth Keeping After the 2026 Market Downturn? - Bitget,https://news.google.com/rss/articles/CBMiY0FVX3lxTFBBcl9zQWRaUFhOT1hDTzdyNXl2TnZsWmRmYWxFS3YzaTBMbjAyUjBoWmNsMjlMM0FvVzhCSkthQkxTLU9naVNnaU1DWl9sUElHbHhUVThIODhPZUJESUhYYkZzc9IBY0FVX3lxTFBBcl9zQWRaUFhOT1hDTzdyNXl2TnZsWmRmYWxFS3YzaTBMbjAyUjBoWmNsMjlMM0FvVzhCSkthQkxTLU9naVNnaU1DWl9sUElHbHhUVThIODhPZUJESUhYYkZzcw?oc=5,"<a href=""https://news.google.com/rss/articles/CBMiY0FVX3lxTFBBcl9zQWRaUFhOT1hDTzdyNXl2TnZsWmRmYWxFS3YzaTBMbjAyUjBoWmNsMjlMM0FvVzhCSkthQkxTLU9naVNnaU1DWl9sUElHbHhUVThIODhPZUJESUhYYkZzc9IBY0FVX3lxTFBBcl9zQWRaUFhOT1hDTzdyNXl2TnZsWmRmYWxFS3YzaTBMbjAyUjBoWmNsMjlMM0FvVzhCSkthQkxTLU9naVNnaU1DWl9sUElHbHhUVT",
"Tue, 24 Mar 2026 18:00:00 GMT",,,GNEWS,,IONQ or QBTS: Which Quantum Stock Should You Hold After 2026 Sell-Off? - TradingView,https://news.google.com/rss/articles/CBMiwgFBVV95cUxNcTJCYl9jSmE5dEx4UXdtMFpfZnlZLXNDbzNBRzFjMXhIaHZ2SC1BUTd6TWpNeXRhX2hyWG1zMmZ1TmVOampaRE9WZ3FBWFVwNU5hV0VySDZDSUR1STVhMDlfMnRSRGFDSnhtc2R5a1k1a3ZJeUR2anhKRFNDTWJUQi1LeHZWT2w2RmszWlBWTFJZTi1nYUNGUTZrSW5ndHZzZDhkRmNJNmlvZEpEcnNJanhQeG4xQnVueGtNTW5qYkg5QQ?oc=5,"<a href=""https://news.google.com/rss/articles/CBMiwgFBVV95cUxNcTJCYl9jSmE5dEx4UXdtMFpfZnlZLXNDbzNBRzFjMXhIaHZ2SC1BUTd6TWpNeXRhX2hyWG1zMmZ1TmVOampaRE9WZ3FBWFVwNU5hV0VySDZDSUR1STVhMDlfMnRSRGFDSnhtc2R5a1k1a3ZJeUR2anhKRFNDTWJUQi1LeHZWT2w2RmszWlBWTFJZTi1nYUNGUTZrSW5ndHZzZDhkRmNJNmlvZEpEcnNJanhQeG4xQnVueG",
"Tue, 24 Mar 2026 09:52:23 GMT",,,GNEWS,,11 Photonic Quantum Computing Companies to Know [2026] - The Quantum Insider,https://news.google.com/rss/articles/CBMimwFBVV95cUxQRzdQYmxzOS13ZEVNVkx6Zms1TXpBVXlLM0pjQUZIaHZLWHZVcDRhYmczYmtEX2dVa2R2cFlCMmJTcnRVamlxZmVXM1FGRHNEMFRwNUkyZmY4NF9UZzhEUHprdDNSeElxWmRKOVoxVXhsQ0RGaHJHWTJXX0pyaWotM1pLYU84SnVNM0FZYU52LXF5bndwMGRweHdoYw?oc=5,"<a href=""https://news.google.com/rss/articles/CBMimwFBVV95cUxQRzdQYmxzOS13ZEVNVkx6Zms1TXpBVXlLM0pjQUZIaHZLWHZVcDRhYmczYmtEX2dVa2R2cFlCMmJTcnRVamlxZmVXM1FGRHNEMFRwNUkyZmY4NF9UZzhEUHprdDNSeElxWmRKOVoxVXhsQ0RGaHJHWTJXX0pyaWotM1pLYU84SnVNM0FZYU52LXF5bndwMGRweHdoYw?oc=5"" target=""_blank"">11 Photonic Quant",
"Tue, 24 Mar 2026 13:47:24 GMT",,,GNEWS,,"Prince George’s County highlights AI, quantum computing - FOX 5 DC",https://news.google.com/rss/articles/CBMiXkFVX3lxTE1MT205OGl6bzNGei1Ib2ZQSW4wc250RnhPYnlLWVBsVEF0YTR3NmFJUl9pdkJHNXVzcHRWOE9hSlhSeWYzay1WQTZpNHM5S1pZdTZsVVJJSXZaaEI5SlHSAWNBVV95cUxQOEktN2Nhd2x5bGR2M3ptZ1ZHM3RaTXJ4bWN2bjByUmh5bHlKbE5UdGhWM0dNZzFReVZFWWJzRUlZNzFCeXdFRG45VmpuUFY1czRUWEc5UXVTeXhUaDhnNlNIYlU?oc=5,"<a href=""https://news.google.com/rss/articles/CBMiXkFVX3lxTE1MT205OGl6bzNGei1Ib2ZQSW4wc250RnhPYnlLWVBsVEF0YTR3NmFJUl9pdkJHNXVzcHRWOE9hSlhSeWYzay1WQTZpNHM5S1pZdTZsVVJJSXZaaEI5SlHSAWNBVV95cUxQOEktN2Nhd2x5bGR2M3ptZ1ZHM3RaTXJ4bWN2bjByUmh5bHlKbE5UdGhWM0dNZzFReVZFWWJzRUlZNzFCeXdFRG45VmpuUFY1czRUWEc5UXVTeX",
"Tue, 24 Mar 2026 11:57:30 GMT",,,GNEWS,,What Quantum Technology Actually is and Why it Matters - The Quantum Insider,https://news.google.com/rss/articles/CBMinAFBVV95cUxPS3ctcVMtcHlmS1dINXowYVhEaXI2VXZyYmttb3pUNkJ6bENoR3pDSzVWWjhRQllZRms1WElkNzdCVVhVbXR3Mm5fQ1NYTHZjTTZ6Umh0UHlZcjdaRU1qbVgyS0N6Ty1IQ2JmNm9iOEN4c3Q3RXZTT2xCT2hCVll5eU1iVjJFMDE2VU5Tam85ZEZLeVBmZFltQjFJU3U?oc=5,"<a href=""https://news.google.com/rss/articles/CBMinAFBVV95cUxPS3ctcVMtcHlmS1dINXowYVhEaXI2VXZyYmttb3pUNkJ6bENoR3pDSzVWWjhRQllZRms1WElkNzdCVVhVbXR3Mm5fQ1NYTHZjTTZ6Umh0UHlZcjdaRU1qbVgyS0N6Ty1IQ2JmNm9iOEN4c3Q3RXZTT2xCT2hCVll5eU1iVjJFMDE2VU5Tam85ZEZLeVBmZFltQjFJU3U?oc=5"" target=""_blank"">What Quantum Tec",
"Tue, 24 Mar 2026 15:05:17 GMT",,,GNEWS,,UK Lawmaker Proposes U.K.-U.S. Quantum Partnership Can be a Strategic Counterweight to China - The Quantum Insider,https://news.google.com/rss/articles/CBMiygFBVV95cUxPdjFPbmxZa0NpS1BxU2h0SlZKaVNoT0d4b0dCSFJrdzk1Wm53Z0R1YmRvZ05ab0dqUXNSRjZuc2laWWtlX0ZLaGFiZlRCaGNweHBiQ1YwSWg1enJpR1A3aGExbHVfVFNvNG5nTVota2lpVFhqMVZrSlp4T1R0SnFVTDB5Ni1oVGJQVWNBOHlyaDg2bVNKakVQVjN5dHlfb3pUZWQ0TGFwSkl2SG4tZVlLMkczZnVGUnEwdkhJbVFlVjFnbnptalBudVpR?oc=5,"<a href=""https://news.google.com/rss/articles/CBMiygFBVV95cUxPdjFPbmxZa0NpS1BxU2h0SlZKaVNoT0d4b0dCSFJrdzk1Wm53Z0R1YmRvZ05ab0dqUXNSRjZuc2laWWtlX0ZLaGFiZlRCaGNweHBiQ1YwSWg1enJpR1A3aGExbHVfVFNvNG5nTVota2lpVFhqMVZrSlp4T1R0SnFVTDB5Ni1oVGJQVWNBOHlyaDg2bVNKakVQVjN5dHlfb3pUZWQ0TGFwSkl2SG4tZVlLMkczZnVGUnEwdk",
"Tue, 24 Mar 2026 09:15:52 GMT",,,GNEWS,,Collection policies | Foundations and Advances in HPC/AI-Quantum Co-Design - Nature,https://news.google.com/rss/articles/CBMic0FVX3lxTE80NVhURVV5cXJ0aS14ODVHTVhEalZaY3dvVHl5cHFVb2Mwb21feWhHazk1YmJEM3ZIc1EySng3WlQzay1ZdnZmeFlRRlVGV1FHT1Y1WndKSFkwSVFFVW9UQ3VBbFZWZ0FrdWxuREREMzNvZjA?oc=5,"<a href=""https://news.google.com/rss/articles/CBMic0FVX3lxTE80NVhURVV5cXJ0aS14ODVHTVhEalZaY3dvVHl5cHFVb2Mwb21feWhHazk1YmJEM3ZIc1EySng3WlQzay1ZdnZmeFlRRlVGV1FHT1Y1WndKSFkwSVFFVW9UQ3VBbFZWZ0FrdWxuREREMzNvZjA?oc=5"" target=""_blank"">Collection policies | Foundations and Advances in HPC/AI-Quantum Co-Desi",
"Tue, 24 Mar 2026 14:19:12 GMT",,,GNEWS,,Quantum Computers Accurately Model Water’s Light Absorption With New Technique - Quantum Zeitgeist,https://news.google.com/rss/articles/CBMic0FVX3lxTE1tUFQyRGJnWXRHMFpkYk9PczM4ZTFTZUZPYmpmWE5KeEhEZUVfbUF0bGEtUTdNNHFoWm92VjMxSFdxbVBIOUUwaHJFNEdoX3Q4UUgtS0xGWjR3eW1zWjAwY3dfejZ3NWJTa2w2UjdvTTdvRDA?oc=5,"<a href=""https://news.google.com/rss/articles/CBMic0FVX3lxTE1tUFQyRGJnWXRHMFpkYk9PczM4ZTFTZUZPYmpmWE5KeEhEZUVfbUF0bGEtUTdNNHFoWm92VjMxSFdxbVBIOUUwaHJFNEdoX3Q4UUgtS0xGWjR3eW1zWjAwY3dfejZ3NWJTa2w2UjdvTTdvRDA?oc=5"" target=""_blank"">Quantum Computers Accurately Model Water’s Light Absorption With New Tec",
"Tue, 24 Mar 2026 14:26:37 GMT",,,GNEWS,,Quantum Matters: D-Wave Explores Real-World Applications of Quantum Technology In A Podcast - Quantum Zeitgeist,https://news.google.com/rss/articles/CBMidEFVX3lxTFA4WFNHdENwWjhXTGlvR1dOTERvdXZ3XzBPUF9BdUxrWVFtQjF2eURQQWlIQTN5Z1IyMEJXbXkzOFRPV0syZi1XbV9Ma3UwSTBrbE5sMktCeXBKcVBFTEI2Y3l3WTdxVTFBTGxjUFFKaDIwbncw?oc=5,"<a href=""https://news.google.com/rss/articles/CBMidEFVX3lxTFA4WFNHdENwWjhXTGlvR1dOTERvdXZ3XzBPUF9BdUxrWVFtQjF2eURQQWlIQTN5Z1IyMEJXbXkzOFRPV0syZi1XbV9Ma3UwSTBrbE5sMktCeXBKcVBFTEI2Y3l3WTdxVTFBTGxjUFFKaDIwbncw?oc=5"" target=""_blank"">Quantum Matters: D-Wave Explores Real-World Applications of Quantum Tec",
"Tue, 24 Mar 2026 20:20:38 GMT",,,GNEWS,,Continuous-Variable Quantum Compiler For Optical Phase Learning - Quantum Zeitgeist,https://news.google.com/rss/articles/CBMiiwFBVV95cUxPTkFIWkxFdWNWeFhXbGdwQmVpQzlhN3FTQXpQUnVQazBZcEpjUld0REVZM2lBMXpZaW9WUzM3WG14Q2Fma3J5dzFsYk1zSlNMb0pkZ1Zrb0FHMVh3QUJ2ak9fcmJQVlNHVDBaeERoYjB3Y0lrM3BvM3hrdzBDaUhOY0pMWE44VWFYQ0h3?oc=5,"<a href=""https://news.google.com/rss/articles/CBMiiwFBVV95cUxPTkFIWkxFdWNWeFhXbGdwQmVpQzlhN3FTQXpQUnVQazBZcEpjUld0REVZM2lBMXpZaW9WUzM3WG14Q2Fma3J5dzFsYk1zSlNMb0pkZ1Zrb0FHMVh3QUJ2ak9fcmJQVlNHVDBaeERoYjB3Y0lrM3BvM3hrdzBDaUhOY0pMWE44VWFYQ0h3?oc=5"" target=""_blank"">Continuous-Variable Quantum Compiler Fo",
"Tue, 24 Mar 2026 15:57:11 GMT",,,GNEWS,,Quantum Reality Challenged By New 10-Sigma Experiment - Quantum Zeitgeist,https://news.google.com/rss/articles/CBMicEFVX3lxTE9RR2s3U2gtVVVLVXAzWWU2UFF0bnNuWUFlWlRxeEc5TUU2M1lmQm50OW5LY0N3UDU1MzFydW9ZRDBvX0czcm04SjJwNTZSNkd4UnozM20ydkMzQnk0REI2YXhFX2h4bzBUZEFwMDBYMFo?oc=5,"<a href=""https://news.google.com/rss/articles/CBMicEFVX3lxTE9RR2s3U2gtVVVLVXAzWWU2UFF0bnNuWUFlWlRxeEc5TUU2M1lmQm50OW5LY0N3UDU1MzFydW9ZRDBvX0czcm04SjJwNTZSNkd4UnozM20ydkMzQnk0REI2YXhFX2h4bzBUZEFwMDBYMFo?oc=5"" target=""_blank"">Quantum Reality Challenged By New 10-Sigma Experiment</a>&nbsp;&nbsp;<font c",
"Tue, 24 Mar 2026 10:32:44 GMT",,,GNEWS,,Quantum Computing Probes Supersymmetry With Reduced Parameters In 6 Analyses - Quantum Zeitgeist,https://news.google.com/rss/articles/CBMihAFBVV95cUxORFBLbGh4YkpoZHJfUlZJZVBoc0hMY09fU3N2UmpfWEo1a2R5Um1NRWlYQnhMM0xXUmFBbFpDV2tMcE02UWs4b1o0b2dSMzdsMjlpS0xoV216ekFvV1I2NDRqRk9ZWTFkcnBKN3JkZjk4dzdiSFQ1VFh0OWRTQjRrUWZPUGQ?oc=5,"<a href=""https://news.google.com/rss/articles/CBMihAFBVV95cUxORFBLbGh4YkpoZHJfUlZJZVBoc0hMY09fU3N2UmpfWEo1a2R5Um1NRWlYQnhMM0xXUmFBbFpDV2tMcE02UWs4b1o0b2dSMzdsMjlpS0xoV216ekFvV1I2NDRqRk9ZWTFkcnBKN3JkZjk4dzdiSFQ1VFh0OWRTQjRrUWZPUGQ?oc=5"" target=""_blank"">Quantum Computing Probes Supersymmetry With Redu",
"Tue, 24 Mar 2026 13:04:38 GMT",,,GNEWS,,QTUM ETF Rises on AI Boom as Investors Bet on Quantum Computing Future - TipRanks,https://news.google.com/rss/articles/CBMiogFBVV95cUxNcXpwMnBCYmxBSU1VaDdDTXNnNk5BbnVQb1NwSDZJM2tBSE0yaWVWU1pqOVV2Z0hPeXg4UFZWM1JWVnpSUmtKamNjc3M2OXFwNW5UeWE4NXdldGdKUk5CekpROFY2ZTJ6akJGb1pFaUhDZVkyUldGXzhheWV1R3luTDBJYzU1WmRJeUhReDVUajgwMFltTDMxTWNDVmtCUzVFOWc?oc=5,"<a href=""https://news.google.com/rss/articles/CBMiogFBVV95cUxNcXpwMnBCYmxBSU1VaDdDTXNnNk5BbnVQb1NwSDZJM2tBSE0yaWVWU1pqOVV2Z0hPeXg4UFZWM1JWVnpSUmtKamNjc3M2OXFwNW5UeWE4NXdldGdKUk5CekpROFY2ZTJ6akJGb1pFaUhDZVkyUldGXzhheWV1R3luTDBJYzU1WmRJeUhReDVUajgwMFltTDMxTWNDVmtCUzVFOWc?oc=5"" target=""_blank"">QTUM ETF",
"Tue, 24 Mar 2026 07:45:35 GMT",,,GNEWS,,Physicists just turned glass into a powerful quantum security device - ScienceDaily,https://news.google.com/rss/articles/CBMib0FVX3lxTE03X1RudWptay1ac0FYYTliWUpPaG4tdDFLdlhta3RZRGEyenRmOWo5Nm9KWXRIZlI4OHkyeEc0eHp2SmxvZXNRdWhxakw3TGo3Xy15Rm45ekVmMkZHZzVlWVpPM2g1cE1VQXJEdHEyTQ?oc=5,"<a href=""https://news.google.com/rss/articles/CBMib0FVX3lxTE03X1RudWptay1ac0FYYTliWUpPaG4tdDFLdlhta3RZRGEyenRmOWo5Nm9KWXRIZlI4OHkyeEc0eHp2SmxvZXNRdWhxakw3TGo3Xy15Rm45ekVmMkZHZzVlWVpPM2g1cE1VQXJEdHEyTQ?oc=5"" target=""_blank"">Physicists just turned glass into a powerful quantum security device</a>&nbsp",
"Tue, 24 Mar 2026 17:21:59 GMT",,,GNEWS,,IonQ’s Global Quantum-AI Partnerships Might Change The Case For Investing In IonQ (IONQ) - simplywall.st,https://news.google.com/rss/articles/CBMiuAFBVV95cUxOYUZEZUtHdWdqRGlvQ3BOY2RyYlpBRnloRm9pd0N6Q2hsWDVsdGwzYlBsc2RINXMtdjdwWW8ydTlNMDVFVlFCYnNuVU0xcm9fNEFNc0NpVFpiZk1uR1JSMnotOWs1VzFNSFVtaGgyNW9XQTN0UklJX3kxMFdYdmdBNnZRSXNwdFNUNHZSd1FBNDJGQ0JWeExNdVozNGdlT25KTU1rcGdsTG9zN2VMaDdZcnRheFR5NzNX0gG-AUFVX3lxTFBlZWt1Wm5HN2IycFhtZExOQXd3cjJWOE1neUJaQk9GZWg4b1h3aHpLczF3dHA3R1VlM092Zkl3Q0xBNEl4N3pMNjdqTXlBZXJfTElaWHNGMTloS2c5S3NCbmdpb1F1Uk9qYWJIanNlcEVBeHk5SGpCbnBOdWZpX3VOMUtTX3lxUE1vQUQ2QzcycEVITkItQkN5d3VSLVVHRkhZakhmeE1xRnlNT0wySVVtbTRWQmdmRk9hcU5semc?oc=5,"<a href=""https://news.google.com/rss/articles/CBMiuAFBVV95cUxOYUZEZUtHdWdqRGlvQ3BOY2RyYlpBRnloRm9pd0N6Q2hsWDVsdGwzYlBsc2RINXMtdjdwWW8ydTlNMDVFVlFCYnNuVU0xcm9fNEFNc0NpVFpiZk1uR1JSMnotOWs1VzFNSFVtaGgyNW9XQTN0UklJX3kxMFdYdmdBNnZRSXNwdFNUNHZSd1FBNDJGQ0JWeExNdVozNGdlT25KTU1rcGdsTG9zN2VMaDdZcnRheFR5NzNX0g",
"Tue, 24 Mar 2026 13:50:51 GMT",,,GNEWS,,Rigetti Computing Develops Qubit-Efficient Algorithm For Combinatorial Optimization - Quantum Zeitgeist,https://news.google.com/rss/articles/CBMifkFVX3lxTE5MbHBxYTBJendkZzdtWTZQS21paDdQUTlReWJIX3FsWUlEc1NLT1NSWWNRa3Bkb2l3YlVTNGFiVEN5OWYwS09TT1hrYnd3RVc1eUZ0ak1RbmZoZkxpdlBZSVQ3M3JGQVNVS2FxMmVtb21UTk9NSlNEVlR6emVLQQ?oc=5,"<a href=""https://news.google.com/rss/articles/CBMifkFVX3lxTE5MbHBxYTBJendkZzdtWTZQS21paDdQUTlReWJIX3FsWUlEc1NLT1NSWWNRa3Bkb2l3YlVTNGFiVEN5OWYwS09TT1hrYnd3RVc1eUZ0ak1RbmZoZkxpdlBZSVQ3M3JGQVNVS2FxMmVtb21UTk9NSlNEVlR6emVLQQ?oc=5"" target=""_blank"">Rigetti Computing Develops Qubit-Efficient Algorithm For ",
"Tue, 24 Mar 2026 14:06:12 GMT",,,GNEWS,,Atoms Read Multiple Times Boost Quantum Computer Accuracy - Quantum Zeitgeist,https://news.google.com/rss/articles/CBMia0FVX3lxTE16RlB0NU4zV1NvWERmYVRDMWhxNlBEQTlzTkMtSHI4dXFsOWVyYXpzbWxrTTVMckRyMm5aaFowU0tLQTl6aVhyY0xtR3VSVHNMQ2VkSFlGQmQ4LUlWUUdvR0gzejJqTDViOGFr?oc=5,"<a href=""https://news.google.com/rss/articles/CBMia0FVX3lxTE16RlB0NU4zV1NvWERmYVRDMWhxNlBEQTlzTkMtSHI4dXFsOWVyYXpzbWxrTTVMckRyMm5aaFowU0tLQTl6aVhyY0xtR3VSVHNMQ2VkSFlGQmQ4LUlWUUdvR0gzejJqTDViOGFr?oc=5"" target=""_blank"">Atoms Read Multiple Times Boost Quantum Computer Accuracy</a>&nbsp;&nbsp;<font colo",
"Tue, 24 Mar 2026 14:47:23 GMT",,,GNEWS,,Selling pressure pushes Quantum Computing stock lower in today's trading - Traders Union,https://news.google.com/rss/articles/CBMiogFBVV95cUxPbUx3NXpBZFpmVV9tVUxSOHFPQlozbDNfX0xGbmNYcW80dWVSR0hxMWpEdFV1Q1ZPaTlFN3pNYUhSM3dNMUFVWVhyM1QzTzYtVEVKRk42ZXctR0Q0NHVIM2phdVY4TXRhMDhCWDY5UFIzVjZsVGE4d1RUT0JSYW1VcW5SOHMzRzJmSm9QRVNBd0FCRlZjVEllRzBscHRYLUhhZWc?oc=5,"<a href=""https://news.google.com/rss/articles/CBMiogFBVV95cUxPbUx3NXpBZFpmVV9tVUxSOHFPQlozbDNfX0xGbmNYcW80dWVSR0hxMWpEdFV1Q1ZPaTlFN3pNYUhSM3dNMUFVWVhyM1QzTzYtVEVKRk42ZXctR0Q0NHVIM2phdVY4TXRhMDhCWDY5UFIzVjZsVGE4d1RUT0JSYW1VcW5SOHMzRzJmSm9QRVNBd0FCRlZjVEllRzBscHRYLUhhZWc?oc=5"" target=""_blank"">Selling ",
"Tue, 24 Mar 2026 16:11:27 GMT",,,GNEWS,,Why Your Encrypted Data From 2019 Is Already Compromised: The Quantum Time Bomb - Security Boulevard,https://news.google.com/rss/articles/CBMiuAFBVV95cUxOeGdULTB3SHB6UkNQeEhfZmMyTEpTVmxaR3Q2SXAwLTAzakdBREw0RmF6N1BOV0J6SHpEbHpvWEc2cGY1c1NzTnhqMHhPNHo0Mmo1UWUyM3NUa1NRN3VRZ3pOWFdtaTNKQWJJSERlWHZseDFwREkyd3I4NG16RlQySm51a3dHVUZCS3ZFWlc0Qm1fdnNBcWdfSndwT1M4T1hxakVzTjgwZmJIVlYtU05sa3RvX1BNWGV4?oc=5,"<a href=""https://news.google.com/rss/articles/CBMiuAFBVV95cUxOeGdULTB3SHB6UkNQeEhfZmMyTEpTVmxaR3Q2SXAwLTAzakdBREw0RmF6N1BOV0J6SHpEbHpvWEc2cGY1c1NzTnhqMHhPNHo0Mmo1UWUyM3NUa1NRN3VRZ3pOWFdtaTNKQWJJSERlWHZseDFwREkyd3I4NG16RlQySm51a3dHVUZCS3ZFWlc0Qm1fdnNBcWdfSndwT1M4T1hxakVzTjgwZmJIVlYtU05sa3RvX1BNWGV4?o",
"Tue, 24 Mar 2026 11:13:29 GMT",,,GNEWS,,Quantum Error Correction Speeds Up To Tackle Computing’s Biggest Hurdle - Quantum Zeitgeist,https://news.google.com/rss/articles/CBMieEFVX3lxTE1wdFluOGlSTGVJbGQyVS1nV2pXRUJMSTExNEctMGpYb0RLUldRWFEtRjlOUmM3OU52dWxsdFZtUmZwZGlXZm56bzBrdk1ncWZDUktzM3B5WU42Y0V3MXU2NVBiMTFfNEFTamMxbDBpVnhHdm02RDN4cA?oc=5,"<a href=""https://news.google.com/rss/articles/CBMieEFVX3lxTE1wdFluOGlSTGVJbGQyVS1nV2pXRUJMSTExNEctMGpYb0RLUldRWFEtRjlOUmM3OU52dWxsdFZtUmZwZGlXZm56bzBrdk1ncWZDUktzM3B5WU42Y0V3MXU2NVBiMTFfNEFTamMxbDBpVnhHdm02RDN4cA?oc=5"" target=""_blank"">Quantum Error Correction Speeds Up To Tackle Computing’s Biggest ",
"Tue, 24 Mar 2026 11:30:34 GMT",,,GNEWS,,Quantum Computing Market Commercial Landscape and Revenue Forecast 2026 to 2035 - openPR.com,https://news.google.com/rss/articles/CBMimAFBVV95cUxOcVpQb18xQnVSN3VWUjIxZ09oeXIybVlQeXRWaFZMeHRvYU05RC1yeW5LTWNZS2lqZUVReHpyVF9ZNVdDd0ZWZkZLYmQtT1poWUU0Q3I1R3hvY3pzeEZuRFQ3WWx2RHdndUtLVWIzVTMzRGJGVk4wNl9GYjNVcUxwSnpobVRPUGVmbndZWmpzcXRiejJDYnM1bA?oc=5,"<a href=""https://news.google.com/rss/articles/CBMimAFBVV95cUxOcVpQb18xQnVSN3VWUjIxZ09oeXIybVlQeXRWaFZMeHRvYU05RC1yeW5LTWNZS2lqZUVReHpyVF9ZNVdDd0ZWZkZLYmQtT1poWUU0Q3I1R3hvY3pzeEZuRFQ3WWx2RHdndUtLVWIzVTMzRGJGVk4wNl9GYjNVcUxwSnpobVRPUGVmbndZWmpzcXRiejJDYnM1bA?oc=5"" target=""_blank"">Quantum Computing Mar",
"Tue, 24 Mar 2026 11:00:00 GMT",,,GNEWS,,D-Wave to Premiere “Quantum Matters” Podcast - ChartMill,https://news.google.com/rss/articles/CBMinAFBVV95cUxPOTFBTEh4TF9adS0zYkdzRjFadngyMjBSLS11UFladVhObFpmaWZkUDZCSmRCYjNubmxGbExsamxkc01US0daaVVlQVlHaXBCVTdrYVZacGNTeDU4T0dOdzMyMU5wVWo3bHVxLUlndHJqMmQtczRLekpYTnVfWGFNdmZiSmg5Q09PZjhzNF9vQ0M5NDU5N1FoYnFOOUc?oc=5,"<a href=""https://news.google.com/rss/articles/CBMinAFBVV95cUxPOTFBTEh4TF9adS0zYkdzRjFadngyMjBSLS11UFladVhObFpmaWZkUDZCSmRCYjNubmxGbExsamxkc01US0daaVVlQVlHaXBCVTdrYVZacGNTeDU4T0dOdzMyMU5wVWo3bHVxLUlndHJqMmQtczRLekpYTnVfWGFNdmZiSmg5Q09PZjhzNF9vQ0M5NDU5N1FoYnFOOUc?oc=5"" target=""_blank"">D-Wave to Premie",
"Tue, 24 Mar 2026 11:08:47 GMT",,,GNEWS,,Single-Atom Amplifier Boosts Quantum Computer Readout Speeds Twofold - Quantum Zeitgeist,https://news.google.com/rss/articles/CBMibkFVX3lxTE1UMGpRVnFKelI0amJRTXFWQnJweUZhaC1EY2pzMTFWUUdqSDNXRGtfbmNPZzhMakR0UGtvX2V6T0R1aXE3cFZBTGlET1BxQkNaeExlM25FX1lwNkc0T1ljcXczSGNLeWtLNVlkUmhR?oc=5,"<a href=""https://news.google.com/rss/articles/CBMibkFVX3lxTE1UMGpRVnFKelI0amJRTXFWQnJweUZhaC1EY2pzMTFWUUdqSDNXRGtfbmNPZzhMakR0UGtvX2V6T0R1aXE3cFZBTGlET1BxQkNaeExlM25FX1lwNkc0T1ljcXczSGNLeWtLNVlkUmhR?oc=5"" target=""_blank"">Single-Atom Amplifier Boosts Quantum Computer Readout Speeds Twofold</a>&nbsp;&",
"Tue, 24 Mar 2026 16:44:00 GMT",,,GNEWS,,Germany Sees Rise in Quantum Technology Patents - Techerati,https://news.google.com/rss/articles/CBMiiwFBVV95cUxPQ1VjTWtqMy1kY2VfTVB2YUNMa19HRnVncTZPZGdyb1ZleU40cDFqWXYxMjlBLXRTdEF3bThYdjg2OHFWZlRad2VucmhOSW11Z2ZVdGp3SGJCM2xhT3RpLVBlT2Zra1E0bGptT0d2djNtRGR1OXZOcWtDVzJlRGpPdEVXbjRCbnc4V01F?oc=5,"<a href=""https://news.google.com/rss/articles/CBMiiwFBVV95cUxPQ1VjTWtqMy1kY2VfTVB2YUNMa19HRnVncTZPZGdyb1ZleU40cDFqWXYxMjlBLXRTdEF3bThYdjg2OHFWZlRad2VucmhOSW11Z2ZVdGp3SGJCM2xhT3RpLVBlT2Zra1E0bGptT0d2djNtRGR1OXZOcWtDVzJlRGpPdEVXbjRCbnc4V01F?oc=5"" target=""_blank"">Germany Sees Rise in Quantum Technology",
"Tue, 24 Mar 2026 10:07:25 GMT",,,GNEWS,,Dell expands security stack with quantum-ready protections and AI threat detection - Help Net Security,https://news.google.com/rss/articles/CBMihAFBVV95cUxNeEdublVIZWlMZzJQRWdQaEQ0LWRQemw3QWdSbUlkZnREazU1bHlUV1FVdUUtQm5Md0NOcWRaVDdtemI5dTlCLVNyOWV5cDBEUDRjRkMxVTdXdURwN3lid0pIQndoQ2xJYjJGWDVnMjNESXNfNDhvQzctYkU3WTkta050amQ?oc=5,"<a href=""https://news.google.com/rss/articles/CBMihAFBVV95cUxNeEdublVIZWlMZzJQRWdQaEQ0LWRQemw3QWdSbUlkZnREazU1bHlUV1FVdUUtQm5Md0NOcWRaVDdtemI5dTlCLVNyOWV5cDBEUDRjRkMxVTdXdURwN3lid0pIQndoQ2xJYjJGWDVnMjNESXNfNDhvQzctYkU3WTkta050amQ?oc=5"" target=""_blank"">Dell expands security stack with quantum-ready p",
"Tue, 24 Mar 2026 15:57:11 GMT",,,GNEWS,,Quantum Machine Learning Gains Robustness With Shallower Circuits - Quantum Zeitgeist,https://news.google.com/rss/articles/CBMif0FVX3lxTE95eHJBNWZETzR5UEJfYjhNY3BsclJXQjVhWHdELWRTV2RqTF81Rmd5RUUxNFcyTlcyMGNFUjZoWmlLMVdwR2QxZGwyRFdoWG0wcVBWaTZkeVFabG90VnZ1TXUtdl9naXE4U2F6SEVGYXJXYTRlbzlpdHBHdGlBcE0?oc=5,"<a href=""https://news.google.com/rss/articles/CBMif0FVX3lxTE95eHJBNWZETzR5UEJfYjhNY3BsclJXQjVhWHdELWRTV2RqTF81Rmd5RUUxNFcyTlcyMGNFUjZoWmlLMVdwR2QxZGwyRFdoWG0wcVBWaTZkeVFabG90VnZ1TXUtdl9naXE4U2F6SEVGYXJXYTRlbzlpdHBHdGlBcE0?oc=5"" target=""_blank"">Quantum Machine Learning Gains Robustness With Shallower",
"Tue, 24 Mar 2026 14:33:29 GMT",,,GNEWS,,A Once-in-a-Lifetime Opportunity: This Quantum Stock Looks Primed to Skyrocket - AOL.com,https://news.google.com/rss/articles/CBMiiwFBVV95cUxQVHk3V1FlcnpfNXpUdW11Sk9aTzcwdk9vV2pRQ2NyajJzRFd0TUwwaTBoeEdKMnRjLTFNVFFxdk9GbmJTNWp1RkYyeVBKSHhrYm1VWEFXeHVRX3Q1OWc5blNmb1VIVlE0dVBwakR5SENHZVF3UU9ZTmVPcFNfQVB4bGU3YU9pcUJWeVQ4?oc=5,"<a href=""https://news.google.com/rss/articles/CBMiiwFBVV95cUxQVHk3V1FlcnpfNXpUdW11Sk9aTzcwdk9vV2pRQ2NyajJzRFd0TUwwaTBoeEdKMnRjLTFNVFFxdk9GbmJTNWp1RkYyeVBKSHhrYm1VWEFXeHVRX3Q1OWc5blNmb1VIVlE0dVBwakR5SENHZVF3UU9ZTmVPcFNfQVB4bGU3YU9pcUJWeVQ4?oc=5"" target=""_blank"">A Once-in-a-Lifetime Opportunity: This ",
"Tue, 24 Mar 2026 14:41:55 GMT",,,GNEWS,,"Neural Networks Simplify Quantum Error Correction, Reducing Decoding Complexity - Quantum Zeitgeist",https://news.google.com/rss/articles/CBMiekFVX3lxTE5reFNyeWZRSXZfa0pkSTVMSGMxaTBsck5kRFk4ODNoWUNxb0FnV3dvVkdNNkVIdWtDOVk3TWVvMnNXS1ZmTTZEX0M4S2x5NUk2RjJkZTB6UEZEeVZ5SVBDbWVMbWFZYndXNDBpU2VoQ2VoNGxhYWpyWmlB?oc=5,"<a href=""https://news.google.com/rss/articles/CBMiekFVX3lxTE5reFNyeWZRSXZfa0pkSTVMSGMxaTBsck5kRFk4ODNoWUNxb0FnV3dvVkdNNkVIdWtDOVk3TWVvMnNXS1ZmTTZEX0M4S2x5NUk2RjJkZTB6UEZEeVZ5SVBDbWVMbWFZYndXNDBpU2VoQ2VoNGxhYWpyWmlB?oc=5"" target=""_blank"">Neural Networks Simplify Quantum Error Correction, Reducing Dec",
"Tue, 24 Mar 2026 20:50:48 GMT",,,GNEWS,,ANELLO Photonics Partners With Q-CTRL To Address GPS-Denied Environments - Quantum Zeitgeist,https://news.google.com/rss/articles/CBMidEFVX3lxTE5RZFZFa1R1Y2ZBcFNxV1I3ZkxNQVJxUFJ0bFZYdnhuLVU3OElXSjJrZnZuWUVrSWxQUldjRGszRXJQLXpvZXJqTTBrdXJzWXNTN2JULWV4cGZodzZjRzQ3cV9RR3lwMURtT3ZzalVZZmt0MVdo?oc=5,"<a href=""https://news.google.com/rss/articles/CBMidEFVX3lxTE5RZFZFa1R1Y2ZBcFNxV1I3ZkxNQVJxUFJ0bFZYdnhuLVU3OElXSjJrZnZuWUVrSWxQUldjRGszRXJQLXpvZXJqTTBrdXJzWXNTN2JULWV4cGZodzZjRzQ3cV9RR3lwMURtT3ZzalVZZmt0MVdo?oc=5"" target=""_blank"">ANELLO Photonics Partners With Q-CTRL To Address GPS-Denied Environment",
"Tue, 24 Mar 2026 14:11:00 GMT",,,GNEWS,,Quantum XChange Platform Secures Top Ranking In Cybersecurity Solution Category - Quantum Zeitgeist,https://news.google.com/rss/articles/CBMidEFVX3lxTFBKZ05GV0xZbk5nTzZCMHZ6dDR4ZVFqbDByWENMV0JuUENPNV9TUXI3LW9BdzhLUzY3enR6Q2hUWXVsclRQOGlfUURhbnFHZTdTeUl0NlVjWTZEVDZwalRhNFJSV0VFRzRRU0J4ZzA3T2JDWFZG?oc=5,"<a href=""https://news.google.com/rss/articles/CBMidEFVX3lxTFBKZ05GV0xZbk5nTzZCMHZ6dDR4ZVFqbDByWENMV0JuUENPNV9TUXI3LW9BdzhLUzY3enR6Q2hUWXVsclRQOGlfUURhbnFHZTdTeUl0NlVjWTZEVDZwalRhNFJSV0VFRzRRU0J4ZzA3T2JDWFZG?oc=5"" target=""_blank"">Quantum XChange Platform Secures Top Ranking In Cybersecurity Solution ",
"Tue, 24 Mar 2026 07:52:22 GMT",,,GNEWS,,"ZeroTier Launches ZeroTier Quantum, an End-to-End Quantum-Secure Networking Platform - The Quantum Insider",https://news.google.com/rss/articles/CBMiqAFBVV95cUxPUmpGdzZ0eGs0eG1XcGpqMTRxcVVpVnBaVkpGU3lsS2w1REFnX3haUE9hMzlXWldXOWZzcEM1ZURTWVZBRU5GMXNuS1dTM0tjWEJBNnV6UnFUcTZtNkpRUWI5MkFzREdSbHMxdXN4blRHZU5fOUlQMG95U1RuTUU0UDJiQWtOQ1RmRy1pUC01UVVuQkpTZlNCc1VRTEk0dEZ1eGg0WDAtaTA?oc=5,"<a href=""https://news.google.com/rss/articles/CBMiqAFBVV95cUxPUmpGdzZ0eGs0eG1XcGpqMTRxcVVpVnBaVkpGU3lsS2w1REFnX3haUE9hMzlXWldXOWZzcEM1ZURTWVZBRU5GMXNuS1dTM0tjWEJBNnV6UnFUcTZtNkpRUWI5MkFzREdSbHMxdXN4blRHZU5fOUlQMG95U1RuTUU0UDJiQWtOQ1RmRy1pUC01UVVuQkpTZlNCc1VRTEk0dEZ1eGg0WDAtaTA?oc=5"" target=""_blank"">",
"Tue, 24 Mar 2026 12:14:50 GMT",,,GNEWS,,Local Quantum Encodings Maintain Stability Despite Increasing Computer Noise - Quantum Zeitgeist,https://news.google.com/rss/articles/CBMicEFVX3lxTE9adXlCZE1UWk9MY0pzNUo4MnVRMzNRR2k0NG1mODRaay1uTnhKaTlucnVQZTl6SmJUY20tTnBnZWFCY0J4WFhyZjAtZEQ3WkF0VV9HTF9ZQjhFc0Q4am0tMkZNUllXWUlaeDNzZ3NEN1c?oc=5,"<a href=""https://news.google.com/rss/articles/CBMicEFVX3lxTE9adXlCZE1UWk9MY0pzNUo4MnVRMzNRR2k0NG1mODRaay1uTnhKaTlucnVQZTl6SmJUY20tTnBnZWFCY0J4WFhyZjAtZEQ3WkF0VV9HTF9ZQjhFc0Q4am0tMkZNUllXWUlaeDNzZ3NEN1c?oc=5"" target=""_blank"">Local Quantum Encodings Maintain Stability Despite Increasing Computer Noise",
"Tue, 24 Mar 2026 12:14:50 GMT",,,GNEWS,,Quantum Error Correction Faces Fundamental Limits To Scalability - Quantum Zeitgeist,https://news.google.com/rss/articles/CBMiekFVX3lxTE9NZ3FmdUJyY0ZpVWJSdVh4S3RLUU44YWEtdWpWNjQ1dWtqNjZKakZjR1lSbnR1V0Q0Q0xIbWk1Ui1YeTJTLU85ZkJMYlIyd1JOUi1yOE4ycjlzSUl0N3hjZTBLYjN0TWhSbGhKMXc1YjlXNi03SGIyOGpn?oc=5,"<a href=""https://news.google.com/rss/articles/CBMiekFVX3lxTE9NZ3FmdUJyY0ZpVWJSdVh4S3RLUU44YWEtdWpWNjQ1dWtqNjZKakZjR1lSbnR1V0Q0Q0xIbWk1Ui1YeTJTLU85ZkJMYlIyd1JOUi1yOE4ycjlzSUl0N3hjZTBLYjN0TWhSbGhKMXc1YjlXNi03SGIyOGpn?oc=5"" target=""_blank"">Quantum Error Correction Faces Fundamental Limits To Scalabilit",
"Tue, 24 Mar 2026 16:07:26 GMT",,,GNEWS,,Quantum Networks Demonstrate Losses Exceeding 100 Percent through Spatial-Mode Mixing - Quantum Zeitgeist,https://news.google.com/rss/articles/CBMid0FVX3lxTE1LX1hLWDVJOEdZVG1mQWdYMDkzSDFoV0xpNmplMjNNWGlXWmpOX1ZnV0xqN01JbzhudHF4YmZuUnJsNXU2QUlnT1RrSHZNRXBiNkFLN2tlQ3o3MU1fSVZyTkJ1MXpxVFBDRVZ0djFCSUFyRHJMQ1lB?oc=5,"<a href=""https://news.google.com/rss/articles/CBMid0FVX3lxTE1LX1hLWDVJOEdZVG1mQWdYMDkzSDFoV0xpNmplMjNNWGlXWmpOX1ZnV0xqN01JbzhudHF4YmZuUnJsNXU2QUlnT1RrSHZNRXBiNkFLN2tlQ3o3MU1fSVZyTkJ1MXpxVFBDRVZ0djFCSUFyRHJMQ1lB?oc=5"" target=""_blank"">Quantum Networks Demonstrate Losses Exceeding 100 Percent through S",
"Tue, 24 Mar 2026 14:46:55 GMT",,,GNEWS,,Atoms Linked To Light On A Nanofiber Promise Scalable Quantum Tech - Quantum Zeitgeist,https://news.google.com/rss/articles/CBMifEFVX3lxTFBpNXROSXZRN1BjZmVtc0oyWnVRb3pXNmh0UUFNc2JTSU1haGJBbW40QjdqSlBpamIwNWdhQjJ5TnkyU3hKOXNVdkh5UUZ2ZmtteEVvejhwUV9kZ2lvOWdVYVB1V0x4c21kak1DbjRmUjB3VnduYTVLMVVtdm0?oc=5,"<a href=""https://news.google.com/rss/articles/CBMifEFVX3lxTFBpNXROSXZRN1BjZmVtc0oyWnVRb3pXNmh0UUFNc2JTSU1haGJBbW40QjdqSlBpamIwNWdhQjJ5TnkyU3hKOXNVdkh5UUZ2ZmtteEVvejhwUV9kZ2lvOWdVYVB1V0x4c21kak1DbjRmUjB3VnduYTVLMVVtdm0?oc=5"" target=""_blank"">Atoms Linked To Light On A Nanofiber Promise Scalable Quantu",
"Tue, 24 Mar 2026 17:50:30 GMT",,,GNEWS,,"D-Wave Quantum's Q4 revenue rises 19% Y/Y, misses estimates - MSN",https://news.google.com/rss/articles/CBMiwAFBVV95cUxNNEVFVlBORlhiMzhSZmZqclZjeEFRNnZFaHI4MHVKTFRyMEVkdFVVQU9WTThNN2tGVENFV2RVb3NVdGVsdHRzY2dEblR4M3Bsc3gyZ05NclZoajZrVEZpcUFNMGd6TlIxZnkxdEUwc2M4QXF3bVFya1cxY0tTVHJHeFRnRlVmd3RRYUhBWUdOdVRLMzdaVEJKSHdSRk8zNFFXZnA5YU9nSnFKcUt4czAwMHVaS1gtN1NiRTZHYk1LUE0?oc=5,"<a href=""https://news.google.com/rss/articles/CBMiwAFBVV95cUxNNEVFVlBORlhiMzhSZmZqclZjeEFRNnZFaHI4MHVKTFRyMEVkdFVVQU9WTThNN2tGVENFV2RVb3NVdGVsdHRzY2dEblR4M3Bsc3gyZ05NclZoajZrVEZpcUFNMGd6TlIxZnkxdEUwc2M4QXF3bVFya1cxY0tTVHJHeFRnRlVmd3RRYUhBWUdOdVRLMzdaVEJKSHdSRk8zNFFXZnA5YU9nSnFKcUt4czAwMHVaS1gtN1NiRT",
"Tue, 24 Mar 2026 13:10:05 GMT",,,GNEWS,,Quantum Machine Learning Models Become Smaller with Knowledge Distillation Techniques - Quantum Zeitgeist,https://news.google.com/rss/articles/CBMidkFVX3lxTE1oZng0RlNmQ3draDJTMlBHVzdkbkVxQW5GdlVMZ0ctMDNVdnloTE9FTHFrQkdOVXNGMWk2MzlUMUdTeXpHQ2VQMlNJN2hobG1Zc2xTMGJzZldUc0t2ZGxaLXVxWjBnOHl2aWVWa3M4dkRCT3dIbEE?oc=5,"<a href=""https://news.google.com/rss/articles/CBMidkFVX3lxTE1oZng0RlNmQ3draDJTMlBHVzdkbkVxQW5GdlVMZ0ctMDNVdnloTE9FTHFrQkdOVXNGMWk2MzlUMUdTeXpHQ2VQMlNJN2hobG1Zc2xTMGJzZldUc0t2ZGxaLXVxWjBnOHl2aWVWa3M4dkRCT3dIbEE?oc=5"" target=""_blank"">Quantum Machine Learning Models Become Smaller with Knowledge Distil",
"Tue, 24 Mar 2026 16:00:00 GMT",,,GNEWS,,Quantum technologies open up new possibilities for interactive storytelling in games - Gamereactor UK,https://news.google.com/rss/articles/CBMivAFBVV95cUxNRHRpR1hqMlBJU3Ztc0x4XzlWMXlUdEdFOVhhWXM0STVGanl3VzVmS3hRdmF5MURZY1p4T1RlRDR4cFFvWmhYeXlJdlFRbnZ5SWtSdGZDSVFvN21QeWdpQWYyWEo1eHVySlBUb29HWHJILVZ6TnhWX3lkRmRFeFZ2MHJCUmhWV1JyUWh5X21JaldLX1FSS0RKYzB1UGptcXJVbjVzV011UXhWb2lsNWh6Y2gtbFdYY05sSzVTYw?oc=5,"<a href=""https://news.google.com/rss/articles/CBMivAFBVV95cUxNRHRpR1hqMlBJU3Ztc0x4XzlWMXlUdEdFOVhhWXM0STVGanl3VzVmS3hRdmF5MURZY1p4T1RlRDR4cFFvWmhYeXlJdlFRbnZ5SWtSdGZDSVFvN21QeWdpQWYyWEo1eHVySlBUb29HWHJILVZ6TnhWX3lkRmRFeFZ2MHJCUmhWV1JyUWh5X21JaldLX1FSS0RKYzB1UGptcXJVbjVzV011UXhWb2lsNWh6Y2gtbFdYY05sSz",
"Tue, 24 Mar 2026 13:30:00 GMT",,,GNEWS,,"SEALSQ Corp Signs Letter of Intent to Acquire Miraex SA, Strengthening Quantum Vertical Stack - Quiver Quantitative",https://news.google.com/rss/articles/CBMixwFBVV95cUxNaTd1a2RNcGxRY2pDcDV5OG41MEFmS1FBMVV2ZnBTc3pDbWU3aTlJVVM4bUIwamYzS3pQM3VEV2xXYURmWllwdmFVTG1NMmlBZW43a1BaWXRUcXgwYWsxckdsYVhWWVBsdHoxVDl4VHdMRnl1RHg1SXlzc1pQYlBLQTBBTHN3N3RVamQxZmZ5R3lKQmVCTUlGYVpxSVA1czBqVzczdDhZYi1YTHdlN1ExWE9ZTlA1U21JMkpmX1hVNjVrOU1iODVB?oc=5,"<a href=""https://news.google.com/rss/articles/CBMixwFBVV95cUxNaTd1a2RNcGxRY2pDcDV5OG41MEFmS1FBMVV2ZnBTc3pDbWU3aTlJVVM4bUIwamYzS3pQM3VEV2xXYURmWllwdmFVTG1NMmlBZW43a1BaWXRUcXgwYWsxckdsYVhWWVBsdHoxVDl4VHdMRnl1RHg1SXlzc1pQYlBLQTBBTHN3N3RVamQxZmZ5R3lKQmVCTUlGYVpxSVA1czBqVzczdDhZYi1YTHdlN1ExWE9ZTlA1U21JMk",
"Tue, 24 Mar 2026 13:28:29 GMT",,,GNEWS,,SuperQ Strengthens European Presence Through Fraunhofer ITWM Partnership - Quantum Zeitgeist,https://news.google.com/rss/articles/CBMigwFBVV95cUxOSEc4SVpMMUY1QndGU01ucG9NN2M4eDlwNEdrVW1wOWdSMmpnUWlsNUZRcXR1YktqVmU2QmJoTVFPbTZhUzNJYW9JSDBQVjdTMWJWRGVjQXBQd2JPWUN2Ykh5VmZYQXFFeHUzNnpERDhra1FTeWlyOGZoTEJBeEViWVZZVQ?oc=5,"<a href=""https://news.google.com/rss/articles/CBMigwFBVV95cUxOSEc4SVpMMUY1QndGU01ucG9NN2M4eDlwNEdrVW1wOWdSMmpnUWlsNUZRcXR1YktqVmU2QmJoTVFPbTZhUzNJYW9JSDBQVjdTMWJWRGVjQXBQd2JPWUN2Ykh5VmZYQXFFeHUzNnpERDhra1FTeWlyOGZoTEJBeEViWVZZVQ?oc=5"" target=""_blank"">SuperQ Strengthens European Presence Through Frau",
"Tue, 24 Mar 2026 11:57:30 GMT",,,GNEWS,,Study Finds More Qubits Yield Better Financial Optimization Outcomes - The Quantum Insider,https://news.google.com/rss/articles/CBMirwFBVV95cUxQTEU4SEpUbHl6ZEJkLUJXOHl0MEltTExtMnhETW5LdXhDNlVrRDYzNjdkOUZxVFV4ZjVPaVFzdk9TaVdTaktRUV9ubmJ5aTFtVDRxcm1zOV9rVlo1SlpXU1NxRS0wSmRRNFJud3JaYzlaQnhFOGctTHNwc1RMeUQwSFhFSGNMNHRBVkZIQ0hZbHl5RF9oaWJ3NDhoV2lFbXNqMzVIbmJwOVZ2cmQyd2hz?oc=5,"<a href=""https://news.google.com/rss/articles/CBMirwFBVV95cUxQTEU4SEpUbHl6ZEJkLUJXOHl0MEltTExtMnhETW5LdXhDNlVrRDYzNjdkOUZxVFV4ZjVPaVFzdk9TaVdTaktRUV9ubmJ5aTFtVDRxcm1zOV9rVlo1SlpXU1NxRS0wSmRRNFJud3JaYzlaQnhFOGctTHNwc1RMeUQwSFhFSGNMNHRBVkZIQ0hZbHl5RF9oaWJ3NDhoV2lFbXNqMzVIbmJwOVZ2cmQyd2hz?oc=5"" target=",
"Tue, 24 Mar 2026 10:16:51 GMT",,,GNEWS,,ZeroTier Quantum brings quantum-resistant security to high-performance global networking - Help Net Security,https://news.google.com/rss/articles/CBMibEFVX3lxTE90ZllRckowOWhIYnN5czZiQnIyLUZjT3VSUTROMUdhTGpFY0EwbWhMWHpOOUwtVUxQS0hhWi1DY0x4bW5fTzNvQmFBTDd6RzlXVDR4TUtEUzVNelM2S0s3dF9mMTQxeTRULTdGaw?oc=5,"<a href=""https://news.google.com/rss/articles/CBMibEFVX3lxTE90ZllRckowOWhIYnN5czZiQnIyLUZjT3VSUTROMUdhTGpFY0EwbWhMWHpOOUwtVUxQS0hhWi1DY0x4bW5fTzNvQmFBTDd6RzlXVDR4TUtEUzVNelM2S0s3dF9mMTQxeTRULTdGaw?oc=5"" target=""_blank"">ZeroTier Quantum brings quantum-resistant security to high-performance global net",
"Tue, 24 Mar 2026 14:11:18 GMT",,,GNEWS,,Quantum Data Storage Gains Stability With Fibre Optic Error Correction - Quantum Zeitgeist,https://news.google.com/rss/articles/CBMiekFVX3lxTE05ejN2VUw4SmxnRUxPcUNMWWZMS2c5QzFQbFBBNEdMYWcwNHlfSVIyOFhzU0F5V24yNHQ1OTlIUFpjWnB1cjN5c01iblBvVEgtOFhpd0hWRF9VUzVQM3dyZzZGc2pXS0FYR3llYVQ2MmxGUGlKdHhyclh3?oc=5,"<a href=""https://news.google.com/rss/articles/CBMiekFVX3lxTE05ejN2VUw4SmxnRUxPcUNMWWZMS2c5QzFQbFBBNEdMYWcwNHlfSVIyOFhzU0F5V24yNHQ1OTlIUFpjWnB1cjN5c01iblBvVEgtOFhpd0hWRF9VUzVQM3dyZzZGc2pXS0FYR3llYVQ2MmxGUGlKdHhyclh3?oc=5"" target=""_blank"">Quantum Data Storage Gains Stability With Fibre Optic Error Cor",
"Tue, 24 Mar 2026 15:44:59 GMT",,,GNEWS,,Revenue growth in the quantum computing sector enables Guoke Quantum to turn a net profit in 2025 after reversing losses. - 富途牛牛,https://news.google.com/rss/articles/CBMirgFBVV95cUxOYlZiSGNLTjF3cEY3cFJucHR5YmRheDduS1hVeFhnblluU0FUWjZlTTNfNWU3UW1MREZoYllmbi1zNXdqLWhLVC1nc2p5RUF1aW5XZHN2eVJWRUdDY3VTUE55U1JNZ2RxRjdOT01EZW4yNk9PSG5kbFVTak1yempBVExIM1lRN0ZKeG1oczdOQk1ZWjJXUU9hMmJQTFl4Z3JVVlh2cWJtajdwM1NSQ0E?oc=5,"<a href=""https://news.google.com/rss/articles/CBMirgFBVV95cUxOYlZiSGNLTjF3cEY3cFJucHR5YmRheDduS1hVeFhnblluU0FUWjZlTTNfNWU3UW1MREZoYllmbi1zNXdqLWhLVC1nc2p5RUF1aW5XZHN2eVJWRUdDY3VTUE55U1JNZ2RxRjdOT01EZW4yNk9PSG5kbFVTak1yempBVExIM1lRN0ZKeG1oczdOQk1ZWjJXUU9hMmJQTFl4Z3JVVlh2cWJtajdwM1NSQ0E?oc=5"" target=""",
"Tue, 24 Mar 2026 13:30:22 GMT",,,GNEWS,,Brookhaven National Laboratory Supports International DUNE Collaboration - Quantum Zeitgeist,https://news.google.com/rss/articles/CBMid0FVX3lxTFAwWldVMmp2Yk5LT1hkMWt1LTl2aXJSc0Q5YkFha1VUczExQTZubWYzSGg5OEZNSGkxU2VfZk1pbFd2T3hWaE9KSmp2UUc2ZF9fcldhUHAxeXAtcVItbFpHUXhmd18xcy1xcnZoR0hJc3d0b2V3VGZR?oc=5,"<a href=""https://news.google.com/rss/articles/CBMid0FVX3lxTFAwWldVMmp2Yk5LT1hkMWt1LTl2aXJSc0Q5YkFha1VUczExQTZubWYzSGg5OEZNSGkxU2VfZk1pbFd2T3hWaE9KSmp2UUc2ZF9fcldhUHAxeXAtcVItbFpHUXhmd18xcy1xcnZoR0hJc3d0b2V3VGZR?oc=5"" target=""_blank"">Brookhaven National Laboratory Supports International DUNE Collabor",
"Tue, 24 Mar 2026 11:01:06 GMT",,,GNEWS,,Quantum Broadcasting Overcomes Limits To Send Data To Six Receivers - Quantum Zeitgeist,https://news.google.com/rss/articles/CBMieEFVX3lxTE54SXYxaWRGZWRRR083VGtEMDF1SG1jUFdHMG5hRUF3VUVvYVQ4bWtfSHlQaVFFWFp4eXVIWW9EYzZHYm9iaXNaX2VMeUIzZnQwczl6c3RPYzdVSzlFeU5qUUoxZHhWY2FJdTc4Rm1YaVE5THhSUHNxRw?oc=5,"<a href=""https://news.google.com/rss/articles/CBMieEFVX3lxTE54SXYxaWRGZWRRR083VGtEMDF1SG1jUFdHMG5hRUF3VUVvYVQ4bWtfSHlQaVFFWFp4eXVIWW9EYzZHYm9iaXNaX2VMeUIzZnQwczl6c3RPYzdVSzlFeU5qUUoxZHhWY2FJdTc4Rm1YaVE5THhSUHNxRw?oc=5"" target=""_blank"">Quantum Broadcasting Overcomes Limits To Send Data To Six Receive",
"Tue, 24 Mar 2026 00:37:19 GMT",,,GNEWS,,Post-Quantum Era Poses Unique Threats to Space Systems - National Defense Magazine,https://news.google.com/rss/articles/CBMisgFBVV95cUxORDNkNmRkU0JaNjdNSVd5WEstdGRjNDd6NVpIXzVKNmRSLWphU05CbFVEXy0zYUt5ZU5NdVVmSXlSUzM0TDg4eVRUQXFFcE1YVlYycmJUTWJ3UWJXMTFEdFpZV0dQLXNSeGNyODBXMkxlajNxTldxY1dVVnRmYlhhd1FFUXdFOHVoQ2hVcGpkMmxkeUk5WEl0WkxDZ2dtODQwUk9RUkFQRHN4QTZOMDBLTmZn?oc=5,"<a href=""https://news.google.com/rss/articles/CBMisgFBVV95cUxORDNkNmRkU0JaNjdNSVd5WEstdGRjNDd6NVpIXzVKNmRSLWphU05CbFVEXy0zYUt5ZU5NdVVmSXlSUzM0TDg4eVRUQXFFcE1YVlYycmJUTWJ3UWJXMTFEdFpZV0dQLXNSeGNyODBXMkxlajNxTldxY1dVVnRmYlhhd1FFUXdFOHVoQ2hVcGpkMmxkeUk5WEl0WkxDZ2dtODQwUk9RUkFQRHN4QTZOMDBLTmZn?oc=5"" tar",
"Tue, 24 Mar 2026 09:33:44 GMT",,,GNEWS,,D-Wave Quantum (NYSE: QBTS) Forms U.S. Government Business Unit Led by Jack Sears Jr. - USA Today,https://news.google.com/rss/articles/CBMizAFBVV95cUxPU2lueEY3MmlTek5mOENJZi1mcFIxdzJtQ3JvZGwyM01LUzdKN0IxRTRWUlNNZ0t0OHFzbXNKZ1RTZTR6ODMzQ0c0dHlmTUI4RVIwRVpvSmNSSko3TnpnY1YxTmw1Z3NYa0RLTVdCRTRUdjhqbm4tZV9VeHZBX1Q5UENsVWpWYzYzWWl0T3lPU2JjR2JKWTJCa0hqazkyblQ2eC1RRGlmX1dHZW5VMTJuel8wYkFSaUNyWk91eGUwUmhKSDAxZjZqdXU2OVI?oc=5,"<a href=""https://news.google.com/rss/articles/CBMizAFBVV95cUxPU2lueEY3MmlTek5mOENJZi1mcFIxdzJtQ3JvZGwyM01LUzdKN0IxRTRWUlNNZ0t0OHFzbXNKZ1RTZTR6ODMzQ0c0dHlmTUI4RVIwRVpvSmNSSko3TnpnY1YxTmw1Z3NYa0RLTVdCRTRUdjhqbm4tZV9VeHZBX1Q5UENsVWpWYzYzWWl0T3lPU2JjR2JKWTJCa0hqazkyblQ2eC1RRGlmX1dHZW5VMTJuel8wYkFSaUNyWk",
"Tue, 24 Mar 2026 13:30:22 GMT",,,GNEWS,,Bluefors Validates Optical Control System Compatibility With Cryogenic Platform - Quantum Zeitgeist,https://news.google.com/rss/articles/CBMijgFBVV95cUxPYUV0TGtaeDhTWWw4ZEFyX1o3MUNadmwxTFdqLXRKekVpR1g2enVBcTQ5bHFYcHJnMi1zUHFwT1ZKNnB5VTBGc3NCYVpuM2gydmg0VldNUWVXX0dubDNDbmJTbmEzejE4TEE3X3JvR0JHcUpNclZWRXRnZXdyQkZvcDVYQUUtcVBPTTZjT1lR?oc=5,"<a href=""https://news.google.com/rss/articles/CBMijgFBVV95cUxPYUV0TGtaeDhTWWw4ZEFyX1o3MUNadmwxTFdqLXRKekVpR1g2enVBcTQ5bHFYcHJnMi1zUHFwT1ZKNnB5VTBGc3NCYVpuM2gydmg0VldNUWVXX0dubDNDbmJTbmEzejE4TEE3X3JvR0JHcUpNclZWRXRnZXdyQkZvcDVYQUUtcVBPTTZjT1lR?oc=5"" target=""_blank"">Bluefors Validates Optical Control ",
"Tue, 24 Mar 2026 13:20:00 GMT",,,GNEWS,,"SEALSQ Signs Letter of Intent to Acquire 100% of Miraex, a Swiss Quantum Interconnect Platform Company - Yahoo Finance Singapore",https://news.google.com/rss/articles/CBMiiwFBVV95cUxNam85V1N4WldUYnNadmJQbHFqQUlmRm5IM2RwWW1Ham0xbzBrZDhrc3NaTFJaMXE0T1lMT3VtSk9mWFp3LW9hU2M0a0JoRmRnVWxVMlkxa2JuVERsWENhWUFmWk5GcnliZlNLYkVBclJHancwXzRDZV9hOFk3UFlyMHJlQ2RWTXZ6bnhj?oc=5,"<a href=""https://news.google.com/rss/articles/CBMiiwFBVV95cUxNam85V1N4WldUYnNadmJQbHFqQUlmRm5IM2RwWW1Ham0xbzBrZDhrc3NaTFJaMXE0T1lMT3VtSk9mWFp3LW9hU2M0a0JoRmRnVWxVMlkxa2JuVERsWENhWUFmWk5GcnliZlNLYkVBclJHancwXzRDZV9hOFk3UFlyMHJlQ2RWTXZ6bnhj?oc=5"" target=""_blank"">SEALSQ Signs Letter of Intent to Acquir",
"Tue, 24 Mar 2026 12:49:06 GMT",,,GNEWS,,Toshiba goes transatlantic with quantum-safe connectivity - telecomtv.com,https://news.google.com/rss/articles/CBMisAFBVV95cUxNY0JVYzc2TzRQSVlVZEFPeE5ibGExMlhwcmR4cnFYQkp2YjM1YXM0XzhuaDgwNk5tUWdjOVplaVlVZGRFMmtZdmpUTlUzb01UVmhBU0VQa041UklLRVFfb2VZYnNrX1ZtWmJxRGJrMUh2V0NVdjZuSG93ZFFab0JlVHZTVE9OYV9IblpacmEyVlZ6UEJjeUVKbHY4TnRFQWMzbFVYTENUdDRTUTNQanZwRtIBsAFBVV95cUxNY0JVYzc2TzRQSVlVZEFPeE5ibGExMlhwcmR4cnFYQkp2YjM1YXM0XzhuaDgwNk5tUWdjOVplaVlVZGRFMmtZdmpUTlUzb01UVmhBU0VQa041UklLRVFfb2VZYnNrX1ZtWmJxRGJrMUh2V0NVdjZuSG93ZFFab0JlVHZTVE9OYV9IblpacmEyVlZ6UEJjeUVKbHY4TnRFQWMzbFVYTENUdDRTUTNQanZwRg?oc=5,"<a href=""https://news.google.com/rss/articles/CBMisAFBVV95cUxNY0JVYzc2TzRQSVlVZEFPeE5ibGExMlhwcmR4cnFYQkp2YjM1YXM0XzhuaDgwNk5tUWdjOVplaVlVZGRFMmtZdmpUTlUzb01UVmhBU0VQa041UklLRVFfb2VZYnNrX1ZtWmJxRGJrMUh2V0NVdjZuSG93ZFFab0JlVHZTVE9OYV9IblpacmEyVlZ6UEJjeUVKbHY4TnRFQWMzbFVYTENUdDRTUTNQanZwRtIBsAFBVV95cU",
"Tue, 24 Mar 2026 05:22:07 GMT",,,GNEWS,,"Yonsei, RIKEN and IBM to Use Quantum Computing to Probe Causes of Rare Diseases - thelec.net",https://news.google.com/rss/articles/CBMiZkFVX3lxTE1hYW1Qc2QyUjNlMDdOa3h6SjJBcVZxOEx6Qkd0bkNfbUpQQVR6RHhmRUk3S0RVWGw3ZDJQUDRQX0cxQTNpMDhEdHlaajltWnRKcG5wWkVESVhOTUxkbm1vR0hqUzVvZw?oc=5,"<a href=""https://news.google.com/rss/articles/CBMiZkFVX3lxTE1hYW1Qc2QyUjNlMDdOa3h6SjJBcVZxOEx6Qkd0bkNfbUpQQVR6RHhmRUk3S0RVWGw3ZDJQUDRQX0cxQTNpMDhEdHlaajltWnRKcG5wWkVESVhOTUxkbm1vR0hqUzVvZw?oc=5"" target=""_blank"">Yonsei, RIKEN and IBM to Use Quantum Computing to Probe Causes of Rare Diseases</a>&nbsp;",
"Tue, 24 Mar 2026 08:11:00 GMT",,,GNEWS,,Sydney quantum computing firm nets $14m in gov’t funding - Tech in Asia,https://news.google.com/rss/articles/CBMiiwFBVV95cUxNNFlUVlh1WGtEUXBEMjN2RmVNaU1JR0R2bDhkNElHYnA2LXdwczFwR2lMdzJmVEtESmlJajdJMHBRU0FGS1Z3X1lxVlRPSW0waVJMYW10a0ZlZnFuN29KWE5hXzJ4OTVNdEhEbmJyZ1RiRzdXNE5xY2VzdFc0WENHbU82czluTklWTHJn?oc=5,"<a href=""https://news.google.com/rss/articles/CBMiiwFBVV95cUxNNFlUVlh1WGtEUXBEMjN2RmVNaU1JR0R2bDhkNElHYnA2LXdwczFwR2lMdzJmVEtESmlJajdJMHBRU0FGS1Z3X1lxVlRPSW0waVJMYW10a0ZlZnFuN29KWE5hXzJ4OTVNdEhEbmJyZ1RiRzdXNE5xY2VzdFc0WENHbU82czluTklWTHJn?oc=5"" target=""_blank"">Sydney quantum computing firm nets $14m",
"Tue, 24 Mar 2026 08:14:07 GMT",,,GNEWS,,Quantum Computing Tokenized Stock (Ondo) Price History and Historical Data - CoinMarketCap,https://news.google.com/rss/articles/CBMilwFBVV95cUxObzVVUHN3YzgwTzVPM2VLTW44YTZWX0xDNGtpU1d3ekxDYWNsX1J1bnFBTm52c2d6SlBMaEtZTURiQlRianY2b0prVWxHdkxmbFc5cGdrbllZQVNxOWYxa2tiOW1ROHVzQlBndm9qYWtGSExBWnotb3NpZ2pURlVTUmFMR0xiUlZpUkRfLWRoRHluOEU1TXFV?oc=5,"<a href=""https://news.google.com/rss/articles/CBMilwFBVV95cUxObzVVUHN3YzgwTzVPM2VLTW44YTZWX0xDNGtpU1d3ekxDYWNsX1J1bnFBTm52c2d6SlBMaEtZTURiQlRianY2b0prVWxHdkxmbFc5cGdrbllZQVNxOWYxa2tiOW1ROHVzQlBndm9qYWtGSExBWnotb3NpZ2pURlVTUmFMR0xiUlZpUkRfLWRoRHluOEU1TXFV?oc=5"" target=""_blank"">Quantum Computing Token",
"Tue, 24 Mar 2026 14:06:12 GMT",,,GNEWS,,"Amplification, Not Chaos, Drives The One-Way Flow Of Time - Quantum Zeitgeist",https://news.google.com/rss/articles/CBMigAFBVV95cUxNR3EycUFpS3pVX2tJaTNOM2dCczI4c1VTWlhMUXNZaVNNR3ctVUJ1c1otVEhYeWhDRE80STJvV3FEbFJRb3dmczNiYlRRWXZ6ZFVBRWZtd0ZIM0htdEZuVmRLTTVtaEU4TmRab3ZVN0JzQTVVR3BGcW1IUG5kMjVRYw?oc=5,"<a href=""https://news.google.com/rss/articles/CBMigAFBVV95cUxNR3EycUFpS3pVX2tJaTNOM2dCczI4c1VTWlhMUXNZaVNNR3ctVUJ1c1otVEhYeWhDRE80STJvV3FEbFJRb3dmczNiYlRRWXZ6ZFVBRWZtd0ZIM0htdEZuVmRLTTVtaEU4TmRab3ZVN0JzQTVVR3BGcW1IUG5kMjVRYw?oc=5"" target=""_blank"">Amplification, Not Chaos, Drives The One-Way Flow Of ",
"Tue, 24 Mar 2026 11:08:23 GMT",,,GNEWS,,DNA Quantum Mapping Algorithm Achieves Speedups Of 700x With New Encoding - Quantum Zeitgeist,https://news.google.com/rss/articles/CBMidkFVX3lxTE9hYXFsVWdjWUtTX2lQSDNiZVFicnZNWUVTdVZ0OTF5MVJqWmlyZnFHRFJKWE9TOGpRQjFndVh1cHZwNDlSRTdRN1FJX18zaUVzQk5IcjNHWDlCQmNaX2drMW1MdGFWZ3d0WWw4ZG5KUXphZlozX2c?oc=5,"<a href=""https://news.google.com/rss/articles/CBMidkFVX3lxTE9hYXFsVWdjWUtTX2lQSDNiZVFicnZNWUVTdVZ0OTF5MVJqWmlyZnFHRFJKWE9TOGpRQjFndVh1cHZwNDlSRTdRN1FJX18zaUVzQk5IcjNHWDlCQmNaX2drMW1MdGFWZ3d0WWw4ZG5KUXphZlozX2c?oc=5"" target=""_blank"">DNA Quantum Mapping Algorithm Achieves Speedups Of 700x With New Enc",
"Tue, 24 Mar 2026 14:00:00 GMT",,,GNEWS,,D-Wave to Premiere “Quantum Matters” Podcast - 01net,https://news.google.com/rss/articles/CBMickFVX3lxTE5EanNuUDVfZ3Nvck1kLVBnU0tIeHVKZVJZa2FsUFhaTlpDYVl0LXd0SEFNRmhIeF9IT3RzNFhBSURzT0k4MXphbEVJWjJ6ZkdVZ1JDeUVITEJIdnlZRS1oM0draGwyM0YzZjlsd0ZVSlVOdw?oc=5,"<a href=""https://news.google.com/rss/articles/CBMickFVX3lxTE5EanNuUDVfZ3Nvck1kLVBnU0tIeHVKZVJZa2FsUFhaTlpDYVl0LXd0SEFNRmhIeF9IT3RzNFhBSURzT0k4MXphbEVJWjJ6ZkdVZ1JDeUVITEJIdnlZRS1oM0draGwyM0YzZjlsd0ZVSlVOdw?oc=5"" target=""_blank"">D-Wave to Premiere “Quantum Matters” Podcast</a>&nbsp;&nbsp;<font color=""",
"Tue, 24 Mar 2026 10:33:05 GMT",,,GNEWS,,The Quantum Clock and The Resilience Mandate - Bobsguide,https://news.google.com/rss/articles/CBMie0FVX3lxTE1oWG5CVUNmOVNMWmM0amx4QXJmVUZRekJYQ3ZQNmw2amlOTnc2VFZVTE5ZT3ZwbUltdENYLTNXSVJ6VGtLUXhZc0RsbUduM0VzVVNWSlpKSVRwYXRINHJ4Y2MyOU5ydkxmeFJvWFctbDVCeGllaDVIUDE2NA?oc=5,"<a href=""https://news.google.com/rss/articles/CBMie0FVX3lxTE1oWG5CVUNmOVNMWmM0amx4QXJmVUZRekJYQ3ZQNmw2amlOTnc2VFZVTE5ZT3ZwbUltdENYLTNXSVJ6VGtLUXhZc0RsbUduM0VzVVNWSlpKSVRwYXRINHJ4Y2MyOU5ydkxmeFJvWFctbDVCeGllaDVIUDE2NA?oc=5"" target=""_blank"">The Quantum Clock and The Resilience Mandate</a>&nbsp;&nbsp;<",
"Mon, 23 Mar 2026 23:10:20 GMT",,,GNEWS,,A Look At Quantum Computing Inc. (QUBT) Valuation After The OFC 2026 Quantum Security Demo With Ciena - simplywall.st,https://news.google.com/rss/articles/CBMizAFBVV95cUxQQ0lMXzExLVF5bThyby1LSXk3U0UzWjdUT3RaWGtUbG1OWmg1UTRodDl4S1lHalFzZnBhV241TENmY2Y2ckJwbDZCZHZPdGo4YWh5SXI3UWJDdVl2bm1fTnhnd2owTENPUDc4aE5LYTZ6Q2hFSTNma0xyNWpNcjVzQVJuZ1lNSDhvYVBRbVBnVDRnVUZza3YyYlZPUDBQOGpBT3BQckhvMWgzUzFqMElTOGg2WWVrSEdTUHlGa3pGLVpqdW45VXlsX1cwdmLSAdIBQVVfeXFMTTFZTV8xSW1feHJ5UXBIVVpHeFZFbDFtNnktOV85cGx5R0EyZjRnY0tmYkQ0VU1PRENBd1ZpcG02aTRrdkVsOVVoclJ4bDN2RlY5WURjXzdZQW5EMTM4YVZEcUdyYUhFZWlGX2VKVGlBdU55bEwwbzRoalBlNTRiZEh3d2FhOHpNWHR6M3pPcjRCZWJOUlNDbThNR2VkTDdDWVhxcEZOUElDUjFSaTA2ZVl5SzRXXzdWN2E4ZERnSnlBeW5aZVFTbHVVaDBFWUJvQXF3?oc=5,"<a href=""https://news.google.com/rss/articles/CBMizAFBVV95cUxQQ0lMXzExLVF5bThyby1LSXk3U0UzWjdUT3RaWGtUbG1OWmg1UTRodDl4S1lHalFzZnBhV241TENmY2Y2ckJwbDZCZHZPdGo4YWh5SXI3UWJDdVl2bm1fTnhnd2owTENPUDc4aE5LYTZ6Q2hFSTNma0xyNWpNcjVzQVJuZ1lNSDhvYVBRbVBnVDRnVUZza3YyYlZPUDBQOGpBT3BQckhvMWgzUzFqMElTOGg2WWVrSEdTUH",
"Mon, 23 Mar 2026 22:01:19 GMT",,,GNEWS,,"Saarland University, planqc Lead €2.3M Project on Hybrid Quantum–Classical Optimization for Industry - HPCwire",https://news.google.com/rss/articles/CBMi0wFBVV95cUxNSlhsM1RJX0p3NFhnSTF4clVxMDRXUTc2MU9lcmx0UkVjZXVFVURHQW00VFF2d2VBc1oxZzBWN3Voemoxak5BVmVqUXlSRFFSVXRHOWF4Tk0zV2RFSHZlVVN1Zmd6VHZYZ2JjczNLM0FFbmg4aEVQZ2FqMlZxV0Z1YjlUSktCRlJMUDFmU2lfZVlBc3dNb3hReUc1MHNzdmVTT3ltQW5SQTByZ0JnZURpUlBuVWk2d0Nua0VQRk5aTVVjSWN5R00teTlxQnNDZXJZbEVV?oc=5,"<a href=""https://news.google.com/rss/articles/CBMi0wFBVV95cUxNSlhsM1RJX0p3NFhnSTF4clVxMDRXUTc2MU9lcmx0UkVjZXVFVURHQW00VFF2d2VBc1oxZzBWN3Voemoxak5BVmVqUXlSRFFSVXRHOWF4Tk0zV2RFSHZlVVN1Zmd6VHZYZ2JjczNLM0FFbmg4aEVQZ2FqMlZxV0Z1YjlUSktCRlJMUDFmU2lfZVlBc3dNb3hReUc1MHNzdmVTT3ltQW5SQTByZ0JnZURpUlBuVWk2d0Nua0",
"Tue, 24 Mar 2026 18:43:17 GMT",,,GNEWS,,BQP Positions Quantum Software Platform for Dual-Use Defence and Aerospace Demand - TipRanks,https://news.google.com/rss/articles/CBMiyAFBVV95cUxPTmc3a3pBRnpVdjg2ZGJTeGVkTEdwd2hpRGdvVExMMktvcDNtdG1NbFYtbHJQaGFDM3lsYzMzOXVnbHN6NDEyVm02eG5DeC1FLUNBUmlXbG8wRWpCN29iUlVGTm1NN0ZfUEN5aTg2eEZjTEstS3V1clhqX3B2b0FJM2x6dHE2NkRlR1ZEcXVIdjhEV2JleFliSjhOSkxoV1V4TkFoeDFIWXN4RkVUTFhHTF8xNUM0UXJSMlpmQXFDQ1Z3VHBwZDFXaw?oc=5,"<a href=""https://news.google.com/rss/articles/CBMiyAFBVV95cUxPTmc3a3pBRnpVdjg2ZGJTeGVkTEdwd2hpRGdvVExMMktvcDNtdG1NbFYtbHJQaGFDM3lsYzMzOXVnbHN6NDEyVm02eG5DeC1FLUNBUmlXbG8wRWpCN29iUlVGTm1NN0ZfUEN5aTg2eEZjTEstS3V1clhqX3B2b0FJM2x6dHE2NkRlR1ZEcXVIdjhEV2JleFliSjhOSkxoV1V4TkFoeDFIWXN4RkVUTFhHTF8xNUM0UXJSMl",
"Mon, 23 Mar 2026 22:13:36 GMT",,,GNEWS,,Cleveland Clinic and IBM Debut New Quantum Workflow for Simulating Proteins - HPCwire,https://news.google.com/rss/articles/CBMiswFBVV95cUxQbFhlSEM4NnNabnlmTUh1T1R5aXBtY0YxTmJGeTVnbEk1ZUVuT2tYbGlvZWtVdVgybTI5SUhtUVpyRnR3STJBazN4YkVmOW5yd2sxNFdiOUEtNDdiTndCVVVRVU1uV1BTYVNVQVlsd1R4bjlSZFliRDZEcnlXQUtOVjhIdmZuTURoTFJydEpOa0lDRVpRVmFoem14bUJ6Y0x3Z0FXVk1VNEFYOE5saEMwVTk1SQ?oc=5,"<a href=""https://news.google.com/rss/articles/CBMiswFBVV95cUxQbFhlSEM4NnNabnlmTUh1T1R5aXBtY0YxTmJGeTVnbEk1ZUVuT2tYbGlvZWtVdVgybTI5SUhtUVpyRnR3STJBazN4YkVmOW5yd2sxNFdiOUEtNDdiTndCVVVRVU1uV1BTYVNVQVlsd1R4bjlSZFliRDZEcnlXQUtOVjhIdmZuTURoTFJydEpOa0lDRVpRVmFoem14bUJ6Y0x3Z0FXVk1VNEFYOE5saEMwVTk1SQ?oc=5"" t",
"Tue, 24 Mar 2026 11:36:47 GMT",,,GNEWS,,D-Wave Quantum to premiere ‘Quantum Matters’ podcast - TipRanks,https://news.google.com/rss/articles/CBMiogFBVV95cUxOVmxuQWl6S3QyazFXTmR6akMwTWlldGhndWk3OHBWYzhSV1lrcmlTSnZlVi1UMS1CS19YZ2NKdkpjVEVlMVlaYzM3V05SZ05BRS1DZnY1dDRWNkRMYm91YkF0X1ZzbU5aYU80SUtDWGd4RGJSVWU5ejFraG9XYzF4RGx2V19POTYxQWVIVXhWUWJhellsRFYwN3lqRlNRMERucmc?oc=5,"<a href=""https://news.google.com/rss/articles/CBMiogFBVV95cUxOVmxuQWl6S3QyazFXTmR6akMwTWlldGhndWk3OHBWYzhSV1lrcmlTSnZlVi1UMS1CS19YZ2NKdkpjVEVlMVlaYzM3V05SZ05BRS1DZnY1dDRWNkRMYm91YkF0X1ZzbU5aYU80SUtDWGd4RGJSVWU5ejFraG9XYzF4RGx2V19POTYxQWVIVXhWUWJhellsRFYwN3lqRlNRMERucmc?oc=5"" target=""_blank"">D-Wave Q",
"Tue, 24 Mar 2026 11:15:59 GMT",,,GNEWS,,Can Device-Tied Identity Outrun Quantum Threats in Enterprise Security? - The Futurum Group,https://news.google.com/rss/articles/CBMiZkFVX3lxTE9Wc3Y4S3phWWhDN1Y0TkJaSjhHWGFoVEJwWE5YdnpGR0FFTEd6TWdfb0tKZEpZWjR5R3d5cW1uUTI4alhjTnl0LW9hZTJQUG9KUzFjWW9SWFhIYk5mZkFDVjJHVWV6Zw?oc=5,"<a href=""https://news.google.com/rss/articles/CBMiZkFVX3lxTE9Wc3Y4S3phWWhDN1Y0TkJaSjhHWGFoVEJwWE5YdnpGR0FFTEd6TWdfb0tKZEpZWjR5R3d5cW1uUTI4alhjTnl0LW9hZTJQUG9KUzFjWW9SWFhIYk5mZkFDVjJHVWV6Zw?oc=5"" target=""_blank"">Can Device-Tied Identity Outrun Quantum Threats in Enterprise Security?</a>&nbsp;&nbsp;<f",
"Tue, 24 Mar 2026 03:04:10 GMT",,,GNEWS,,The Quantum Continent Begins Here: South Africa’s Bid For Tech Leadership - Forbes Africa,https://news.google.com/rss/articles/CBMiugFBVV95cUxQRGlJR3BBQUl3cUxtZFM0Y29LRmhDYmV3YkZITDhYUHR0bGJscktTU1M3RzJjTXgxbF9lZzM0OXJFR2twYnVzSWItZEo4T1BLV25sSVVDUnFvenI4a1dDNDVOT2oydUR1djg3M1ROWDNpY0pOTTN0WDRmV3A4ZTBuSmJlcnBZZXF6bE1JVEtacV9ocHRZNC12dnVDUkFZOFJKTGx4V2VINnc0LW5zOHZ0X1JZZDAtc1JWM0E?oc=5,"<a href=""https://news.google.com/rss/articles/CBMiugFBVV95cUxQRGlJR3BBQUl3cUxtZFM0Y29LRmhDYmV3YkZITDhYUHR0bGJscktTU1M3RzJjTXgxbF9lZzM0OXJFR2twYnVzSWItZEo4T1BLV25sSVVDUnFvenI4a1dDNDVOT2oydUR1djg3M1ROWDNpY0pOTTN0WDRmV3A4ZTBuSmJlcnBZZXF6bE1JVEtacV9ocHRZNC12dnVDUkFZOFJKTGx4V2VINnc0LW5zOHZ0X1JZZDAtc1JWM0",
"Tue, 24 Mar 2026 21:07:05 GMT",,,GNEWS,,Quantum Australia Welcomes ZEISS as an Industry Support Partner - Medianet News Hub,https://news.google.com/rss/articles/CBMisAFBVV95cUxOUmhuel9tX0stN3RxSEZGQ292MjdITlZPV3hWQnVLWjFiYlFxY0hpNmNWaWVjc3BISTMwOFRkMUVDTHRzQlFGUGpsSkpHbU1BUHBxSlhGbHU3Z3VRLUN2OWN4U1F5QW5oN1Z1d0hOUkI4MW9iM2taUVY1RXFxUGlrQjlXVThEaGNRQU15RnYtWURabmhaMkRBVUFFVXA0UVVkSmpiT0l2c1JnM2JiZzk2Nw?oc=5,"<a href=""https://news.google.com/rss/articles/CBMisAFBVV95cUxOUmhuel9tX0stN3RxSEZGQ292MjdITlZPV3hWQnVLWjFiYlFxY0hpNmNWaWVjc3BISTMwOFRkMUVDTHRzQlFGUGpsSkpHbU1BUHBxSlhGbHU3Z3VRLUN2OWN4U1F5QW5oN1Z1d0hOUkI4MW9iM2taUVY1RXFxUGlrQjlXVThEaGNRQU15RnYtWURabmhaMkRBVUFFVXA0UVVkSmpiT0l2c1JnM2JiZzk2Nw?oc=5"" targe",
"Tue, 24 Mar 2026 10:27:44 GMT",,,GNEWS,,€2.3M funding for hybrid quantum–classical solutions to industrial optimisation - Scientific Computing World,https://news.google.com/rss/articles/CBMiuAFBVV95cUxOcHdWbzVmR1ppb0w5SXpFMk1EaVVQSWVnOXJlTEctbmRFZUJveTlCVXZ0OHlVR1ZOZEtmVWNSb09yRzBJd2JmZ0JhaHd6eTByakpfMm9ZZUJNQ1RxcVNmRTBYVHhYWUQxaUpMTXJPMkN5cko0Q1phTGVsV3dlZGRYRjEtN00wTkMtcTVFVGxUR1E1UFJlTTNSQTBjUUdlcFU4dWVsbllTczFaYmFJRzFzRU9uZjVKU0s4?oc=5,"<a href=""https://news.google.com/rss/articles/CBMiuAFBVV95cUxOcHdWbzVmR1ppb0w5SXpFMk1EaVVQSWVnOXJlTEctbmRFZUJveTlCVXZ0OHlVR1ZOZEtmVWNSb09yRzBJd2JmZ0JhaHd6eTByakpfMm9ZZUJNQ1RxcVNmRTBYVHhYWUQxaUpMTXJPMkN5cko0Q1phTGVsV3dlZGRYRjEtN00wTkMtcTVFVGxUR1E1UFJlTTNSQTBjUUdlcFU4dWVsbllTczFaYmFJRzFzRU9uZjVKU0s4?o",
"Tue, 24 Mar 2026 15:09:06 GMT",,,GNEWS,,SRM University-A.P. hosts three-day Quantum Computing conclave - The Hindu,https://news.google.com/rss/articles/CBMizwFBVV95cUxPLUtPS01rTV9QTllySUxQYU5PXzNSTGxjVEpmNVJBNThpb0JXRVlFVTJJd0pQa1RleVBuS3YzdGgxSEpXMklhVTVFYlNIXzdYR2Rqb1RwMmNxYlRlS2lieWdsZG9PaWpZVTVDQ092bWp1ZWFnMDltbER1bEwyYUVRdjNhY0lkam50V0QxWC1QZ3pPZGNkVVFucktZM0VidXQzS0NMU1FuYWx2Qm1yQ3hCa2xHeHdUSGhlQ1Zsd3dHZWZkSnJ0bVhXSnhwZTVBMjDSAdYBQVVfeXFMT1VKVWMxaERYSHVEdHdzVE5GeDl6U1hPZmR0clU5cDVDcDlTTElTNjZpeWZRNld0eUxYeUlPV2RFNDlHcDFuRlRvajVjMU5wNnd5aGhOekdiZ0JtVXZlOVE4TXpFQklzTDZjN2lsQmF6aDREckEtb1NTcEZMdThpOVlkb2t3MENpNHVYQ1ZXVHhubFQ3dUxCSVZ4NnoyNDBNRDdQYnJocVVRME9INTJOQ0ZQWC1oaXd0STBzcUs1WWRmdHhRUFNzbVZJQk9PclUzZERRczFTQQ?oc=5,"<a href=""https://news.google.com/rss/articles/CBMizwFBVV95cUxPLUtPS01rTV9QTllySUxQYU5PXzNSTGxjVEpmNVJBNThpb0JXRVlFVTJJd0pQa1RleVBuS3YzdGgxSEpXMklhVTVFYlNIXzdYR2Rqb1RwMmNxYlRlS2lieWdsZG9PaWpZVTVDQ092bWp1ZWFnMDltbER1bEwyYUVRdjNhY0lkam50V0QxWC1QZ3pPZGNkVVFucktZM0VidXQzS0NMU1FuYWx2Qm1yQ3hCa2xHeHdUSGhlQ1",
"Tue, 24 Mar 2026 15:23:18 GMT",,,GNEWS,,"Quantum Conclave, National Hackathon Begin in Amaravati - Deccan Chronicle",https://news.google.com/rss/articles/CBMiwwFBVV95cUxQbno3c25PWHItVWVJQzNBbGxFaUlWd1l1UUhkVnpBZ05KLUItZjMwRng1R3hKdzBQZ1ViYjN3Q0JacWp3dGRNNUJJVUZUR1ZaR0doUXB4LThlN0ZteTJCdzllVXlWTG1RdnBtX3dKQlhhZmtHNjNValFwc2ZVSWVMQi1YUXh1dlVJSmRYN3BYakxGVmI3NDFNMGZlQTYySVZ5SlpPTG1JX3BJT1dhX0lUMTl2dEtYUGExN0ZZTE43Y0lfOU3SAcgBQVVfeXFMTnNyWElHQUx2UlhzNThWT01iZDA3dUthWlpZb0xmWFhtR1ExRHlqS3RxSm55SlRMcFdlanlyU1dack53cGdNU3VYaklQOWR6OFI2anN5NkxtOW56OUxLSkhjMjdJQ3hKYmxiSHQtRGlqQXhBR3lQbjAtUmVscmdYckpjWFdZd1A4VlRrUTlQMDltajA5NW15S3ZIQXJDMUhUVzZlcl9iRDlmbmx1SGJJSG5DZHhnc1gtSjVZMlVOOFh2eWlUNEY5Rng?oc=5,"<a href=""https://news.google.com/rss/articles/CBMiwwFBVV95cUxQbno3c25PWHItVWVJQzNBbGxFaUlWd1l1UUhkVnpBZ05KLUItZjMwRng1R3hKdzBQZ1ViYjN3Q0JacWp3dGRNNUJJVUZUR1ZaR0doUXB4LThlN0ZteTJCdzllVXlWTG1RdnBtX3dKQlhhZmtHNjNValFwc2ZVSWVMQi1YUXh1dlVJSmRYN3BYakxGVmI3NDFNMGZlQTYySVZ5SlpPTG1JX3BJT1dhX0lUMTl2dEtYUGExN0",
"Tue, 24 Mar 2026 09:31:28 GMT",,,GNEWS,,Quantum Particles Now Move With Energy From Their Surroundings - Quantum Zeitgeist,https://news.google.com/rss/articles/CBMieEFVX3lxTFB4M0Rjbm5aUjNDUS0yVzFNUHNjMy1XQnRTNkswNEtPOVMxRVZaS0IwZkF4RWhQaDdGZmRxR3FIZ2NWek9yNlIwR0xkN05pTWNLcldBRXBVeURBS2FyeUxqcGpWLWRCQ2VHQmJVclhhMTZ4WTFhb1hYRw?oc=5,"<a href=""https://news.google.com/rss/articles/CBMieEFVX3lxTFB4M0Rjbm5aUjNDUS0yVzFNUHNjMy1XQnRTNkswNEtPOVMxRVZaS0IwZkF4RWhQaDdGZmRxR3FIZ2NWek9yNlIwR0xkN05pTWNLcldBRXBVeURBS2FyeUxqcGpWLWRCQ2VHQmJVclhhMTZ4WTFhb1hYRw?oc=5"" target=""_blank"">Quantum Particles Now Move With Energy From Their Surroundings</a",
"Tue, 24 Mar 2026 09:42:00 GMT",,,GNEWS,,Silicon Quantum Computing Secures $14 Million Government Funding to Advance Quantum Technology - CXO Digitalpulse,https://news.google.com/rss/articles/CBMixAFBVV95cUxOeEU4bXhlWUhpaDVyMkF3WmljTV9jZVRWc01uWWpySHpFOTh0LWllUk1OWUswQTAzeTF5WFUwcVRwcm8xaWtjelNWc2V3UDlVcHh5QzNtQ0lpWnVBWUpVNVRNdmZRVENraWNQRjcyMG4yV2MwVl9TRHViaG9kdTBuR21CeENWOHlJckpqZHA1Nms3dmM5M1ljb2FZYUVpbW5rTTBhWEFLUUFJYlNtWk85X1VQMjB4bEh2UUZOeDB0RkliR1hp?oc=5,"<a href=""https://news.google.com/rss/articles/CBMixAFBVV95cUxOeEU4bXhlWUhpaDVyMkF3WmljTV9jZVRWc01uWWpySHpFOTh0LWllUk1OWUswQTAzeTF5WFUwcVRwcm8xaWtjelNWc2V3UDlVcHh5QzNtQ0lpWnVBWUpVNVRNdmZRVENraWNQRjcyMG4yV2MwVl9TRHViaG9kdTBuR21CeENWOHlJckpqZHA1Nms3dmM5M1ljb2FZYUVpbW5rTTBhWEFLUUFJYlNtWk85X1VQMjB4bEh2UU",
"Tue, 24 Mar 2026 00:02:20 GMT",,,GNEWS,,Interview: The quantum clock is ticking — here's which industries need to move now - digitimes,https://news.google.com/rss/articles/CBMilgFBVV95cUxQQklFSkJtbG1IVk40akV3bG5mZ3Jvd0hPUjNtQU1LX1huU2I0Wi1PdVl3MVE3QkNScHM2VkpfbE5KbWhIdG81dkpacWVxdG50TnZfeGlrMHJyQmdGMWVoT1FJM2ZSNm5fbzNpOUk3RldudjNWR1NWeDJleGxhcFlDQVdFWDMybHJBc3JXZ2RGeW4yQnFxNXc?oc=5,"<a href=""https://news.google.com/rss/articles/CBMilgFBVV95cUxQQklFSkJtbG1IVk40akV3bG5mZ3Jvd0hPUjNtQU1LX1huU2I0Wi1PdVl3MVE3QkNScHM2VkpfbE5KbWhIdG81dkpacWVxdG50TnZfeGlrMHJyQmdGMWVoT1FJM2ZSNm5fbzNpOUk3RldudjNWR1NWeDJleGxhcFlDQVdFWDMybHJBc3JXZ2RGeW4yQnFxNXc?oc=5"" target=""_blank"">Interview: The quantum c",
"Tue, 24 Mar 2026 03:33:34 GMT",,,GNEWS,,Is D-Wave Quantum's (QBTS) APS Summit Spotlight Reframing Its AI Optimization Investment Narrative? - simplywall.st,https://news.google.com/rss/articles/CBMi0AFBVV95cUxPZ3kzdmc3NW5uMmdjYVZSZXBlNjdOMUFXR2hWVHpzeXo0SWNUT1VHb1o5NGFSaWFSS1k0a3A4QkMwdWhfVW9xNUtyRGtNTy04ekFBd1pTa1JDWFh1RktEYjZPd1RfY1p3a1RPWjk3MHVBeUxMTlJFVUlMa2V6VFBlR1F3eVFqZld6bGEyQjFlY2xkbEltNjRNZnoybExVYXZBNnl5a2U4Q3ZQOFF5c1dPUWlXYV9FODl4WUwzcHg5Qm53RVctcHNkdzR0VjlrcGVy0gHQAUFVX3lxTE9neTN2Zzc1bm4yZ2NhVlJlcGU2N04xQVdHaFZUenN5ejRJY1RPVUdvWjk0YVJpYVJLWTRrcDhCQzB1aF9Vb3E1S3JEa01PLTh6QUF3WlNrUkNYWHVGS0RiNk93VF9jWndrVE9aOTcwdUF5TExOUkVVSUxrZXpUUGVHUXd5UWpmV3psYTJCMWVjbGRsSW02NE1mejJsTFVhdkE2eXlrZThDdlA4UXlzV09RaVdhX0U4OXhZTDNweDlCbndFVy1wc2R3NHRWOWtwZXI?oc=5,"<a href=""https://news.google.com/rss/articles/CBMi0AFBVV95cUxPZ3kzdmc3NW5uMmdjYVZSZXBlNjdOMUFXR2hWVHpzeXo0SWNUT1VHb1o5NGFSaWFSS1k0a3A4QkMwdWhfVW9xNUtyRGtNTy04ekFBd1pTa1JDWFh1RktEYjZPd1RfY1p3a1RPWjk3MHVBeUxMTlJFVUlMa2V6VFBlR1F3eVFqZld6bGEyQjFlY2xkbEltNjRNZnoybExVYXZBNnl5a2U4Q3ZQOFF5c1dPUWlXYV9FODl4WU",
"Tue, 24 Mar 2026 10:05:11 GMT",,,GNEWS,,2 quantum computing stocks to buy in early 2026 - MSN,https://news.google.com/rss/articles/CBMigwJBVV95cUxNeGU0WnFUUU54dFAtV0M1Ni02OU1kQlRqOEM5cW02aU9FdVF3bEZtQWs4MF90NGowS3JjNHAyeDgwdnktbjFOVUFnVVhvS09DcXU4QTctQV9SNmVrV0hQemxfdVNIaW5uZlUyeFRCZWh0MVB1cmxDU05iaTR4ZGRDNzRfcGlKd1FBTWZ0X0gzZUlrU0NGTzRnMnFFWm15MEtRc2dTTDNrQ0JVTjNvdlVaSnpVX24tUUpNMFpjeGNYMHBJczBOTXc5WHRNQkkwXzB1MC1pc1RTNzltZXR1X3V0NW13QUFWSmlOZWo4RjdnYVJKeFpZbS1jRnllNkljUEFYaXZF?oc=5,"<a href=""https://news.google.com/rss/articles/CBMigwJBVV95cUxNeGU0WnFUUU54dFAtV0M1Ni02OU1kQlRqOEM5cW02aU9FdVF3bEZtQWs4MF90NGowS3JjNHAyeDgwdnktbjFOVUFnVVhvS09DcXU4QTctQV9SNmVrV0hQemxfdVNIaW5uZlUyeFRCZWh0MVB1cmxDU05iaTR4ZGRDNzRfcGlKd1FBTWZ0X0gzZUlrU0NGTzRnMnFFWm15MEtRc2dTTDNrQ0JVTjNvdlVaSnpVX24tUUpNMF",
"Tue, 24 Mar 2026 07:07:05 GMT",,,GNEWS,,Too much power to cloud giants: antitrust investigation on quantum computing - Il Sole 24 ORE,https://news.google.com/rss/articles/CBMirgFBVV95cUxNWGZPNkRWYkx3Tjh5OURDcnNTTUpKeDBVWTQ4a3dPOU1jQWQtOUdORGNUanRMZVVrdTNSSFBFUzA1YXAyRWRyR0hjSzhtRDZmd2thXzdDT3pVbU5lZVFxRzlmWXNINWh6SFE3VnMtOHZ0ZzhPQVZzRzJCMnllTUJfNFdvMkRfQUVoV3I4SEFJZElWX3JYeEhRWV9PYTRCWGdjZjFLaTM5d1dNdlVZRFE?oc=5,"<a href=""https://news.google.com/rss/articles/CBMirgFBVV95cUxNWGZPNkRWYkx3Tjh5OURDcnNTTUpKeDBVWTQ4a3dPOU1jQWQtOUdORGNUanRMZVVrdTNSSFBFUzA1YXAyRWRyR0hjSzhtRDZmd2thXzdDT3pVbU5lZVFxRzlmWXNINWh6SFE3VnMtOHZ0ZzhPQVZzRzJCMnllTUJfNFdvMkRfQUVoV3I4SEFJZElWX3JYeEhRWV9PYTRCWGdjZjFLaTM5d1dNdlVZRFE?oc=5"" target=""",
